threshold,precision,recall,f_beta
0.03567768651001671,0.5606469002695418,1.0,0.8645054031587698
0.03623887454590333,0.5614035087719298,1.0,0.8648648648648648
0.03906759688961282,0.5621621621621622,1.0,0.8652246256239601
0.04959594750476868,0.5629228687415426,1.0,0.865584685809405
0.050425885172603165,0.5636856368563685,1.0,0.8659450457951706
0.05643793273410302,0.5644504748982361,1.0,0.8663057059558518
0.056663475277906904,0.5652173913043478,1.0,0.8666666666666666
0.05854666468237978,0.5659863945578232,1.0,0.8670279283034599
0.05940229381069442,0.5667574931880109,1.0,0.8673894912427023
0.059669699982709185,0.567530695770805,1.0,0.8677513558614935
0.06172552664660724,0.5683060109289617,1.0,0.8681135225375625
0.06253100026064598,0.5690834473324213,1.0,0.8684759916492693
0.06394832007290156,0.5698630136986301,1.0,0.8688387635756056
0.07000245588711648,0.5706447187928669,1.0,0.8692018386961972
0.0720089747389716,0.5714285714285714,1.0,0.8695652173913042
0.0749572295046485,0.5722145804676754,1.0,0.8699289000418235
0.07898772227538925,0.5730027548209367,1.0,0.8702928870292888
0.0799327376209818,0.5737931034482758,1.0,0.8706571787358728
0.08109492203460356,0.574585635359116,1.0,0.8710217755443885
0.08109526204194731,0.5753803596127247,1.0,0.8713866778382906
0.08208947197412785,0.5761772853185596,1.0,0.8717518860016764
0.08217066229425106,0.5769764216366158,1.0,0.8721174004192871
0.08247091072694623,0.5777777777777777,1.0,0.87248322147651
0.08633813932202371,0.5785813630041725,1.0,0.8728493495593789
0.09185554153174748,0.5793871866295265,1.0,0.873215785054576
0.09279981197774799,0.5801952580195258,1.0,0.873582528349433
0.09305957651329631,0.5810055865921788,1.0,0.8739495798319328
0.09377806188292176,0.5818181818181818,1.0,0.8743169398907105
0.09412373771093549,0.5826330532212886,1.0,0.8746846089150547
0.09600217325580898,0.5820476858345021,0.9975961538461539,0.8729490954985276
0.09927858886117781,0.5828651685393258,0.9975961538461539,0.8733164983164983
0.10023937952066392,0.5836849507735584,0.9975961538461539,0.8736842105263158
0.10027466162514752,0.5845070422535211,0.9975961538461539,0.8740522325189553
0.10403377013419514,0.5853314527503526,0.9975961538461539,0.8744205646860514
0.10541407505621922,0.5861581920903954,0.9975961538461539,0.8747892074198987
0.10591865761533978,0.5855728429985856,0.9951923076923077,0.8730493462673978
0.10713051209349757,0.5864022662889519,0.9951923076923077,0.8734177215189873
0.11701792607675113,0.5872340425531914,0.9951923076923077,0.8737864077669903
0.11851712619629072,0.5880681818181818,0.9951923076923077,0.8741554054054054
0.12179595202081923,0.5889046941678521,0.9951923076923077,0.8745247148288973
0.12246664465912409,0.5897435897435898,0.9951923076923077,0.874894336432798
0.1226604427396523,0.5905848787446505,0.9951923076923077,0.8752642706131079
0.12413691386018329,0.59,0.9927884615384616,0.8735194585448391
0.1258417976857727,0.5908440629470673,0.9927884615384616,0.8738891239949217
0.1259127951428327,0.5916905444126075,0.9927884615384616,0.8742591024555462
0.1275048003906599,0.5925394548063128,0.9927884615384616,0.8746293943244389
0.12781901797518933,0.5933908045977011,0.9927884615384616,0.875
0.12900569003050102,0.5942446043165468,0.9927884615384616,0.8753709198813057
0.1316579727932856,0.5951008645533141,0.9927884615384616,0.8757421543681085
0.13487061183722038,0.5959595959595959,0.9927884615384616,0.8761137038608401
0.13554270557963077,0.596820809248555,0.9927884615384616,0.8764855687606112
0.13606840585124652,0.597684515195369,0.9927884615384616,0.8768577494692145
0.14023174189413254,0.5985507246376811,0.9927884615384616,0.8772302463891247
0.14539878470280196,0.5994194484760522,0.9927884615384616,0.8776030599235017
0.14622227385301081,0.6002906976744186,0.9927884615384616,0.8779761904761905
0.1481972023240017,0.6011644832605532,0.9927884615384616,0.8783496384517226
0.1492203678194364,0.6020408163265306,0.9927884615384616,0.8787234042553191
0.1497036583567358,0.602919708029197,0.9927884615384616,0.8790974882928906
0.14973207660021642,0.6038011695906432,0.9927884615384616,0.8794718909710392
0.15021122482561972,0.6046852122986823,0.9927884615384616,0.8798466126970601
0.15048733592109728,0.6055718475073314,0.9927884615384616,0.8802216538789428
0.15620171640951028,0.6064610866372981,0.9927884615384616,0.8805970149253731
0.15636226354740648,0.6073529411764705,0.9927884615384616,0.8809726962457338
0.1580690197070628,0.6082474226804123,0.9927884615384616,0.8813486982501066
0.15827131027018862,0.6091445427728613,0.9927884615384616,0.8817250213492741
0.16086918110451176,0.6100443131462334,0.9927884615384616,0.8821016659547203
0.1630263781099244,0.6109467455621301,0.9927884615384616,0.8824786324786323
0.16326303559103938,0.6118518518518519,0.9927884615384616,0.8828559213339033
0.16328084859366018,0.612759643916914,0.9927884615384616,0.8832335329341318
0.16354877930301673,0.6136701337295691,0.9927884615384616,0.8836114676936243
0.16628973854934193,0.6145833333333334,0.9927884615384616,0.8839897260273973
0.16972889217996617,0.6154992548435171,0.9927884615384616,0.8843683083511777
0.1711544963647575,0.6164179104477612,0.9927884615384616,0.8847472150814053
0.1712710429215912,0.617339312406577,0.9927884615384616,0.8851264466352335
0.17163161205151028,0.6182634730538922,0.9927884615384616,0.8855060034305317
0.17228087777100012,0.6191904047976012,0.9927884615384616,0.8858858858858859
0.1736857600599662,0.6201201201201201,0.9927884615384616,0.8862660944206008
0.17844614233766276,0.6210526315789474,0.9927884615384616,0.8866466294547016
0.1784937279537676,0.6219879518072289,0.9927884615384616,0.8870274914089348
0.18038818656003458,0.6229260935143288,0.9927884615384616,0.8874086807047701
0.18170519050011477,0.622356495468278,0.9903846153846154,0.8856405846947549
0.1831213997447049,0.6232980332829047,0.9903846153846154,0.8860215053763442
0.1840390566220177,0.6242424242424243,0.9903846153846154,0.8864027538726335
0.18717703098019758,0.6251896813353566,0.9903846153846154,0.8867843306069738
0.18750988189926676,0.6261398176291794,0.9903846153846154,0.8871662360034454
0.1892510243068396,0.6270928462709284,0.9903846153846154,0.887548470486859
0.1895558442046622,0.6280487804878049,0.9903846153846154,0.8879310344827586
0.19547504896995008,0.6290076335877862,0.9903846153846154,0.8883139284174214
0.1972094715606674,0.6284403669724771,0.9879807692307693,0.8865401207937879
0.19824126633920686,0.6294027565084227,0.9879807692307693,0.8869227449287873
0.2024888795747094,0.6288343558282209,0.9855769230769231,0.8851468048359241
0.20446858690512798,0.6298003072196621,0.9855769230769231,0.8855291576673866
0.20481102107766935,0.6307692307692307,0.9855769230769231,0.8859118409680208
0.2049620188913595,0.6317411402157165,0.9855769230769231,0.8862948551664505
0.21113294169609773,0.6327160493827161,0.9855769230769231,0.8866782006920416
0.2117613467282735,0.633693972179289,0.9855769230769231,0.8870618779749027
0.21277923672588883,0.6346749226006192,0.9855769230769231,0.8874458874458875
0.2150287408381806,0.6341085271317829,0.9831730769230769,0.8856647899523603
0.21603801812404522,0.6335403726708074,0.9807692307692307,0.8838821490467936
0.21647607137619407,0.6345256609642301,0.9807692307692307,0.884265279583875
0.21898661280646345,0.6339563862928349,0.9783653846153846,0.8824804856895057
0.21905754486104834,0.6349453978159126,0.9783653846153846,0.8828633405639913
0.2190730436215107,0.634375,0.9759615384615384,0.8810763888888888
0.22024403313293217,0.6353677621283255,0.9759615384615384,0.8814589665653496
0.22206115604279908,0.6363636363636364,0.9759615384615384,0.8818418766290181
0.22651735964702374,0.6373626373626373,0.9759615384615384,0.8822251195132551
0.22832823099395042,0.6383647798742138,0.9759615384615384,0.8826086956521739
0.23106658916282644,0.6377952755905512,0.9735576923076923,0.8808177468464548
0.23260972504531513,0.638801261829653,0.9735576923076923,0.8812010443864229
0.23300874289638668,0.6382306477093207,0.9711538461538461,0.8794079233783195
0.24243195537316622,0.6392405063291139,0.9711538461538461,0.8797909407665504
0.2443956339171348,0.6402535657686212,0.9711538461538461,0.8801742919389978
0.24917127373064232,0.6396825396825396,0.96875,0.8783783783783784
0.2499536541327863,0.6391096979332274,0.9663461538461539,0.8765808983863934
0.2506247614570676,0.6401273885350318,0.9663461538461539,0.8769633507853404
0.2509869515138372,0.6411483253588517,0.9663461538461539,0.8773461370580532
0.2511469888935759,0.6421725239616614,0.9663461538461539,0.8777292576419213
0.25172361343314464,0.6416,0.9639423076923077,0.8759283529925732
0.2533050948601142,0.6426282051282052,0.9639423076923077,0.8763111888111889
0.2535810403660633,0.6420545746388443,0.9615384615384616,0.8745080891998251
0.2540582551490633,0.6430868167202572,0.9615384615384616,0.8748906386701661
0.25409038765066627,0.644122383252818,0.9615384615384616,0.87527352297593
0.2584372489503331,0.6451612903225806,0.9615384615384616,0.8756567425569176
0.2627792356168655,0.6462035541195477,0.9615384615384616,0.8760402978537013
0.2641337442464817,0.6472491909385113,0.9615384615384616,0.8764241893076248
0.26426743905390854,0.646677471636953,0.9591346153846154,0.8746163963174046
0.2652030312004946,0.6461038961038961,0.9567307692307693,0.8728070175438596
0.2655249566471569,0.6471544715447154,0.9567307692307693,0.8731899956121105
0.26620072060926797,0.6482084690553745,0.9567307692307693,0.8735733099209834
0.2697270434119459,0.6476345840130505,0.9543269230769231,0.8717610891523936
0.27122362274839146,0.6486928104575164,0.9543269230769231,0.8721441124780317
0.27771037584946506,0.6497545008183306,0.9543269230769231,0.8725274725274726
0.279297795691736,0.6508196721311476,0.9543269230769231,0.8729111697449429
0.2806047658649082,0.6518883415435139,0.9543269230769231,0.873295204575451
0.28078642894553507,0.6513157894736842,0.9519230769230769,0.8714788732394364
0.283379346387926,0.6523887973640856,0.9519230769230769,0.8718626155878468
0.2838373654409436,0.6518151815181518,0.9495192307692307,0.870044052863436
0.2840474030020416,0.6528925619834711,0.9495192307692307,0.8704275011018069
0.28845253977801577,0.6539735099337748,0.9495192307692307,0.8708112874779541
0.289590995623302,0.6550580431177446,0.9495192307692307,0.871195412439347
0.2920160998770693,0.6561461794019934,0.9495192307692307,0.8715798764342453
0.3010195344477419,0.6572379367720466,0.9495192307692307,0.8719646799116997
0.3028247851978279,0.6583333333333333,0.9495192307692307,0.8723498233215548
0.3044187957114793,0.659432387312187,0.9495192307692307,0.8727353071144498
0.3052912181927453,0.6605351170568562,0.9495192307692307,0.8731211317418213
0.30834693646204253,0.6599664991624791,0.9471153846153846,0.871295886775763
0.31074800839196504,0.6610738255033557,0.9471153846153846,0.8716814159292035
0.3108801698310711,0.6621848739495798,0.9471153846153846,0.8720672864099158
0.3132602430887955,0.6632996632996633,0.9471153846153846,0.8724534986713905
0.31573451700031474,0.6627318718381113,0.9447115384615384,0.8706247230837396
0.3200344305375588,0.6638513513513513,0.9447115384615384,0.8710106382978723
0.32005550506391606,0.6649746192893401,0.9447115384615384,0.8713968957871396
0.32025145475635347,0.6661016949152543,0.9447115384615384,0.8717834960070985
0.3243577375313398,0.66723259762309,0.9447115384615384,0.8721704394141145
0.32736109273998915,0.6666666666666666,0.9423076923076923,0.8703374777975132
0.3304201436436529,0.6678023850085179,0.9423076923076923,0.8707241226121725
0.33341429176562715,0.6672354948805461,0.9399038461538461,0.8688888888888888
0.33380422773507745,0.6683760683760683,0.9399038461538461,0.8692752334370831
0.3348167239259908,0.6695205479452054,0.9399038461538461,0.869661921708185
0.335584712204496,0.6706689536878216,0.9399038461538461,0.8700489541611036
0.3365891941044277,0.6718213058419243,0.9399038461538461,0.8704363312555654
0.33677655090454356,0.6712564543889845,0.9375,0.868596881959911
0.33928348796042795,0.6724137931034483,0.9375,0.8689839572192514
0.3399222314706802,0.6718480138169257,0.9350961538461539,0.867142220240749
0.34873644224839184,0.6730103806228374,0.9350961538461539,0.867528991971454
0.34974459118974666,0.6741767764298093,0.9350961538461539,0.8679161088799644
0.35381384173860647,0.6753472222222222,0.9350961538461539,0.8683035714285715
0.35417060372437725,0.6747826086956522,0.9326923076923077,0.8664582402858418
0.3543558038238666,0.6759581881533101,0.9326923076923077,0.866845397676497
0.3569807542825531,0.6771378708551483,0.9326923076923077,0.8672329012069736
0.357764453375054,0.6783216783216783,0.9326923076923077,0.8676207513416816
0.35893711654722066,0.6777583187390543,0.9302884615384616,0.865771812080537
0.35985702464438096,0.6789473684210526,0.9302884615384616,0.8661593554162937
0.3601373723427184,0.6783831282952548,0.9278846153846154,0.864308105687416
0.36169051321535256,0.6795774647887324,0.9278846153846154,0.8646953405017922
0.36172755061900064,0.6807760141093474,0.9278846153846154,0.8650829224562977
0.36297351116706494,0.6802120141342756,0.9254807692307693,0.8632286995515696
0.36352130218853224,0.6814159292035398,0.9254807692307693,0.863615971287573
0.3644883738245819,0.6826241134751773,0.9254807692307693,0.8640035906642729
0.36533668748940945,0.6838365896980462,0.9254807692307693,0.8643915581499776
0.3656193862603033,0.6832740213523132,0.9230769230769231,0.862533692722372
0.3691336009696109,0.6844919786096256,0.9230769230769231,0.8629213483146068
0.3708080649497891,0.6839285714285714,0.9206730769230769,0.8610611510791367
0.37237508002575814,0.6833631484794276,0.9182692307692307,0.859199280251912
0.3760128854979865,0.6845878136200717,0.9182692307692307,0.8595859585958595
0.37675247172439674,0.6840215439856373,0.9158653846153846,0.8577217469608285
0.3785134775965798,0.685251798561151,0.9158653846153846,0.858108108108108
0.37928270345971676,0.6864864864864865,0.9158653846153846,0.8584948174853538
0.3798494500448968,0.6877256317689531,0.9158653846153846,0.8588818755635708
0.38797246331973545,0.6871609403254972,0.9134615384615384,0.8570139828597203
0.3880031314304821,0.6884057971014492,0.9134615384615384,0.8574007220216606
0.3897203132261746,0.6878402903811253,0.9110576923076923,0.8555304740406321
0.39081182765018896,0.6872727272727273,0.9086538461538461,0.8536585365853658
0.3913238314618864,0.6885245901639344,0.9086538461538461,0.8540442837776773
0.3914604579891349,0.6897810218978102,0.9086538461538461,0.8544303797468354
0.3920627695904158,0.6910420475319927,0.9086538461538461,0.8548168249660788
0.39271790024640124,0.6923076923076923,0.9086538461538461,0.8552036199095022
0.3933606697707151,0.691743119266055,0.90625,0.8533272974196469
0.39347803135579545,0.6930147058823529,0.90625,0.853713768115942
0.3939157083153749,0.6942909760589319,0.90625,0.8541005890348891
0.3957249781967076,0.6955719557195572,0.90625,0.8544877606527652
0.3970396688917582,0.6950092421441775,0.9038461538461539,0.8526077097505669
0.3979625858148818,0.6944444444444444,0.9014423076923077,0.8507259528130672
0.39821977896827415,0.6938775510204082,0.8990384615384616,0.8488424875170222
0.39838442773320426,0.6951672862453532,0.8990384615384616,0.849227974568574
0.3984783637657606,0.6964618249534451,0.8990384615384616,0.8496138119036802
0.39952270834870535,0.6977611940298507,0.8990384615384616,0.85
0.40019957188363425,0.6990654205607477,0.8990384615384616,0.8503865393360618
0.4014554957678292,0.700374531835206,0.8990384615384616,0.8507734303912649
0.40412208448261466,0.701688555347092,0.8990384615384616,0.8511606736458807
0.40445741631054233,0.7030075187969925,0.8990384615384616,0.8515482695810564
0.40563579161319196,0.7024482109227872,0.8966346153846154,0.8496583143507973
0.4069062035714065,0.7018867924528301,0.8942307692307693,0.8477666362807658
0.40756636179248606,0.7032136105860114,0.8942307692307693,0.8481532147742818
0.4091199007967181,0.7045454545454546,0.8942307692307693,0.8485401459854015
0.411812034904516,0.7058823529411765,0.8942307692307693,0.8489274303970791
0.4132827887994064,0.7053231939163498,0.8918269230769231,0.8470319634703195
0.41340920743349246,0.7066666666666667,0.8918269230769231,0.8474189127455459
0.4137208596363241,0.7080152671755725,0.8918269230769231,0.8478062157221208
0.41415795085118084,0.7074569789674953,0.8894230769230769,0.8459076360310928
0.41564907581630595,0.7088122605363985,0.8894230769230769,0.8462946020128088
0.41579313680317015,0.708253358925144,0.8870192307692307,0.8443935926773455
0.41583543426654485,0.7096153846153846,0.8870192307692307,0.8447802197802197
0.41783813026540584,0.7109826589595376,0.8870192307692307,0.8451672010994045
0.41821427894361773,0.7123552123552124,0.8870192307692307,0.8455545371219063
0.4207906539419165,0.7117988394584139,0.8846153846153846,0.8436497019715726
0.4231303719034647,0.7131782945736435,0.8846153846153846,0.8440366972477064
0.4231361548141311,0.7126213592233009,0.8822115384615384,0.8421294171638366
0.42416909004903336,0.7140077821011673,0.8822115384615384,0.8425160697887971
0.4246773741762276,0.7153996101364523,0.8822115384615384,0.8429030776297658
0.42664727128159724,0.71484375,0.8798076923076923,0.8409926470588235
0.42679972103802394,0.7162426614481409,0.8798076923076923,0.8413793103448276
0.4268633003075077,0.7176470588235294,0.8798076923076923,0.8417663293468262
0.4271464343631522,0.7170923379174853,0.8774038461538461,0.8398527381500229
0.4280294570172057,0.718503937007874,0.8774038461538461,0.8402394106813996
0.42872025939820785,0.717948717948718,0.875,0.8383233532934131
0.4311955555105842,0.717391304347826,0.8725961538461539,0.836405529953917
0.4343131015350544,0.7188118811881188,0.8725961538461539,0.8367911479944674
0.43689581370483865,0.7202380952380952,0.8725961538461539,0.8371771217712177
0.43713334399747084,0.7196819085487077,0.8701923076923077,0.8352561144439317
0.43752871368602775,0.7191235059760956,0.8677884615384616,0.8333333333333333
0.43912010238959936,0.720558882235529,0.8677884615384616,0.8337182448036952
0.43924266266275863,0.72,0.8653846153846154,0.8317929759704251
0.44229861314846114,0.7214428857715431,0.8653846153846154,0.8321775312066575
0.4434035026067305,0.7228915662650602,0.8653846153846154,0.8325624421831638
0.4460506792178862,0.7223340040241448,0.8629807692307693,0.8306339657565942
0.4470024695673863,0.7237903225806451,0.8629807692307693,0.8310185185185185
0.44948457784915746,0.7252525252525253,0.8629807692307693,0.8314034275127375
0.4497241814017888,0.7267206477732794,0.8629807692307693,0.8317886932344765
0.45074369489484584,0.7261663286004056,0.8605769230769231,0.8298562818729717
0.4509947992469791,0.725609756097561,0.8581730769230769,0.827922077922078
0.4510148038123246,0.725050916496945,0.8557692307692307,0.8259860788863109
0.4516498785533278,0.726530612244898,0.8557692307692307,0.8263695450324976
0.4519045456833617,0.7259713701431493,0.8533653846153846,0.8244310264746865
0.4519868663768702,0.7274590163934426,0.8533653846153846,0.824814126394052
0.45292119833396444,0.728952772073922,0.8533653846153846,0.8251975825197582
0.45329446760101555,0.7304526748971193,0.8533653846153846,0.8255813953488371
0.4533979363457469,0.7298969072164948,0.8509615384615384,0.8236389018147976
0.4541934052793372,0.731404958677686,0.8509615384615384,0.8240223463687151
0.4544980153673071,0.7308488612836439,0.8485576923076923,0.8220773171867722
0.456005510921604,0.7302904564315352,0.8461538461538461,0.8201304753028891
0.45663165254528937,0.7297297297297297,0.84375,0.8181818181818182
0.45775075420047556,0.73125,0.84375,0.8185634328358209
0.4577680660464407,0.7306889352818372,0.8413461538461539,0.8166122258516099
0.4578378055743716,0.7301255230125523,0.8389423076923077,0.8146591970121383
0.46081892651965317,0.7316561844863732,0.8389423076923077,0.8150397010742644
0.46099877873083983,0.7310924369747899,0.8365384615384616,0.8130841121495327
0.4611149267545258,0.7326315789473684,0.8365384615384616,0.8134642356241234
0.461852795261322,0.7320675105485233,0.8341346153846154,0.8115060804490178
0.4627148155881527,0.733615221987315,0.8341346153846154,0.8118858212447357
0.46377284369818744,0.7351694915254238,0.8341346153846154,0.8122659176029964
0.4637989980386869,0.7346072186836518,0.8317307692307693,0.810304449648712
0.4645287663975494,0.7340425531914894,0.8293269230769231,0.8083411433926898
0.46680185474940933,0.7334754797441365,0.8269230769230769,0.8063759962494139
0.4668694932662716,0.7350427350427351,0.8269230769230769,0.8067542213883678
0.46893694073573405,0.734475374732334,0.8245192307692307,0.8047864852182074
0.46937862469126296,0.7339055793991416,0.8221153846153846,0.8028169014084506
0.4706635228880941,0.7333333333333333,0.8197115384615384,0.8008454673555659
0.4708185646157829,0.7349137931034483,0.8197115384615384,0.8012218045112782
0.4710437214143324,0.734341252699784,0.8173076923076923,0.7992477668077104
0.47250812331569925,0.7359307359307359,0.8173076923076923,0.799623706491063
0.47319691051349216,0.737527114967462,0.8173076923076923,0.8
0.474120511369769,0.7391304347826086,0.8173076923076923,0.8003766478342748
0.47777078123557737,0.7407407407407407,0.8173076923076923,0.800753650494583
0.4786087001223702,0.740174672489083,0.8149038461538461,0.798774740810556
0.47873993685220595,0.7396061269146609,0.8125,0.7967939651107968
0.48019831117076583,0.7390350877192983,0.8100961538461539,0.794811320754717
0.4802255829961835,0.7406593406593407,0.8100961538461539,0.7951864086833412
0.4807618019700089,0.7400881057268722,0.8076923076923077,0.7932011331444759
0.48129391033561525,0.7417218543046358,0.8076923076923077,0.79357581483231
0.4822826242319254,0.7433628318584071,0.8076923076923077,0.7939508506616259
0.48335735469046176,0.7427937915742794,0.8052884615384616,0.7919621749408983
0.4862238601885908,0.7444444444444445,0.8052884615384616,0.7923368022705771
0.48765679092984177,0.7461024498886414,0.8052884615384616,0.7927117841930904
0.4885633434652877,0.7455357142857143,0.8028846153846154,0.790719696969697
0.4892735788393807,0.7449664429530202,0.8004807692307693,0.7887257224064426
0.49062099632135664,0.7443946188340808,0.7980769230769231,0.7867298578199052
0.49064600340617687,0.7460674157303371,0.7980769230769231,0.7871028923660504
0.4928326990155694,0.7454954954954955,0.7956730769230769,0.7851043643263758
0.49386354357332896,0.7471783295711061,0.7956730769230769,0.7854769814902706
0.49507745572229206,0.746606334841629,0.7932692307692307,0.7834757834757834
0.4958472546540189,0.746031746031746,0.7908653846153846,0.7814726840855106
0.49604227117076616,0.7477272727272727,0.7908653846153846,0.7818441064638783
0.49644372170836065,0.7471526195899773,0.7884615384615384,0.7798383262006657
0.4965881437699648,0.7488584474885844,0.7884615384615384,0.780209324452902
0.496675464307544,0.7482837528604119,0.7860576923076923,0.7782008567348883
0.4979715438050132,0.75,0.7860576923076923,0.7785714285714286
0.49837801026505807,0.7517241379310344,0.7860576923076923,0.7789423535016674
0.49849895179286463,0.7511520737327189,0.7836538461538461,0.776930409914204
0.49874212311844845,0.7505773672055427,0.78125,0.7749165474487363
0.5010840318884155,0.75,0.7788461538461539,0.7729007633587787
0.5037818090588926,0.7517401392111369,0.7788461538461539,0.7732696897374702
0.503801441555432,0.7534883720930232,0.7788461538461539,0.7736389684813753
0.5039837205469516,0.7552447552447552,0.7788461538461539,0.7740086000955565
0.505262372364589,0.7570093457943925,0.7788461538461539,0.7743785850860421
0.5058981003690274,0.7587822014051522,0.7788461538461539,0.7747489239598279
0.5067528214060352,0.7582159624413145,0.7764423076923077,0.7727272727272727
0.5068003274466859,0.7576470588235295,0.7740384615384616,0.7707036859741503
0.5092610790684071,0.7570754716981132,0.7716346153846154,0.7686781609195402
0.5096461468195216,0.7588652482269503,0.7716346153846154,0.7690464781983708
0.5103618021345749,0.7606635071090048,0.7716346153846154,0.7694151486097796
0.5103751462026951,0.7600950118764845,0.7692307692307693,0.7673860911270983
0.5103817972120386,0.7595238095238095,0.7668269230769231,0.7653550863723608
0.5123579389381956,0.7613365155131265,0.7668269230769231,0.7657225156024965
0.5126927273728705,0.7607655502392344,0.7644230769230769,0.7636887608069163
0.5133563692456738,0.7601918465227818,0.7620192307692307,0.7616530514175877
0.513374422544244,0.7620192307692307,0.7620192307692307,0.7620192307692307
0.5148568663641441,0.763855421686747,0.7620192307692307,0.7623857623857624
0.5182292444367659,0.7632850241545893,0.7596153846153846,0.7603464870067371
0.5226067483472971,0.7651331719128329,0.7596153846153846,0.7607125662012517
0.522694674828009,0.7669902912621359,0.7596153846153846,0.7610789980732177
0.523422050167991,0.7664233576642335,0.7572115384615384,0.7590361445783133
0.5246022163779809,0.7658536585365854,0.7548076923076923,0.7569913211186113
0.5247304782843948,0.7677261613691931,0.7548076923076923,0.7573564881813797
0.5247432832960862,0.7671568627450981,0.7524038461538461,0.7553088803088803
0.5262859543368282,0.769041769041769,0.7524038461538461,0.7556735876388219
0.5277711859579839,0.770935960591133,0.7524038461538461,0.7560386473429951
0.5277744165137715,0.7728395061728395,0.7524038461538461,0.7564040599323344
0.5278713398586323,0.7747524752475248,0.7524038461538461,0.7567698259187621
0.528025004737212,0.7741935483870968,0.75,0.7547169811320755
0.528224266448493,0.7736318407960199,0.7475961538461539,0.7526621490803486
0.5293018889071021,0.773067331670823,0.7451923076923077,0.7506053268765134
0.5305935095121419,0.7725,0.7427884615384616,0.748546511627907
0.5315027410222946,0.7744360902255639,0.7427884615384616,0.7489093553078041
0.53580359477193,0.7763819095477387,0.7427884615384616,0.7492725509214355
0.5365038937524784,0.7758186397984886,0.7403846153846154,0.7472100921882581
0.5383556306927451,0.7752525252525253,0.7379807692307693,0.7451456310679612
0.5389934999359033,0.7746835443037975,0.7355769230769231,0.7430791646430307
0.5398273185378386,0.7741116751269036,0.7331730769230769,0.7410106899902817
0.5404102320882864,0.7735368956743003,0.7307692307692307,0.7389402041808458
0.5430456121343725,0.7729591836734694,0.7283653846153846,0.7368677042801557
0.5434381859984658,0.7723785166240409,0.7259615384615384,0.734793187347932
0.5440385424653408,0.7717948717948718,0.7235576923076923,0.7327166504381695
0.5471232890387607,0.7737789203084833,0.7235576923076923,0.7330735509011203
0.5475568219233526,0.7731958762886598,0.7211538461538461,0.7309941520467835
0.550013641198156,0.772609819121447,0.71875,0.7289127254997563
0.5503784281891178,0.7746113989637305,0.71875,0.7292682926829268
0.5520247035652175,0.7766233766233767,0.71875,0.7296242069302099
0.5520575881675076,0.7760416666666666,0.7163461538461539,0.7275390625
0.5534199733380991,0.7754569190600522,0.7139423076923077,0.7254518808011724
0.5544077504154173,0.774869109947644,0.7115384615384616,0.7233626588465298
0.5564785740966188,0.7742782152230971,0.7091346153846154,0.7212713936430318
0.5581684328371486,0.7763157894736842,0.7091346153846154,0.7216242661448141
0.5585216366907008,0.7757255936675461,0.7067307692307693,0.7195301027900147
0.5588148422141653,0.7751322751322751,0.7043269230769231,0.7174338883447602
0.5599051598067433,0.7745358090185677,0.7019230769230769,0.7153356197942186
0.5604121356671876,0.776595744680851,0.7019230769230769,0.7156862745098038
0.5606895841945447,0.7786666666666666,0.7019230769230769,0.716037273173124
0.56096970721256,0.7807486631016043,0.7019230769230769,0.7163886162904809
0.5614624156861073,0.7801608579088471,0.6995192307692307,0.7142857142857142
0.5615520944911058,0.782258064516129,0.6995192307692307,0.7146365422396856
0.5628432848593071,0.7816711590296496,0.6971153846153846,0.7125307125307124
0.5645151624997117,0.7810810810810811,0.6947115384615384,0.7104228121927236
0.5653223292978864,0.7804878048780488,0.6923076923076923,0.7083128381701917
0.5657061073550886,0.782608695652174,0.6923076923076923,0.7086614173228346
0.5657834264109095,0.782016348773842,0.6899038461538461,0.706548498276711
0.5666533873578723,0.7814207650273224,0.6875,0.7044334975369457
0.5689488060773374,0.7808219178082192,0.6850961538461539,0.7023164120256283
0.5690372801628167,0.7802197802197802,0.6826923076923077,0.7001972386587771
0.5700078312772235,0.7823691460055097,0.6826923076923077,0.7005426739023186
0.5702705554215602,0.7845303867403315,0.6826923076923077,0.7008884501480751
0.5756970919035984,0.7839335180055401,0.6802884615384616,0.6987654320987654
0.5787543519419587,0.7833333333333333,0.6778846153846154,0.6966403162055337
0.5797156932351093,0.7827298050139275,0.6754807692307693,0.69451309935739
0.5807174446980404,0.7821229050279329,0.6730769230769231,0.692383778437191
0.5808651051472731,0.7815126050420168,0.6706730769230769,0.6902523503216228
0.5815816945910782,0.7808988764044944,0.6682692307692307,0.6881188118811881
0.5828670756548451,0.7830985915492957,0.6682692307692307,0.6884596334819216
0.5830992048646226,0.7853107344632768,0.6682692307692307,0.6888007928642219
0.5837994485653023,0.7875354107648725,0.6682692307692307,0.6891422905304907
0.5842580737833202,0.7869318181818182,0.6658653846153846,0.6870039682539683
0.5849477282398126,0.7863247863247863,0.6634615384615384,0.684863523573201
0.5853873993790305,0.7857142857142857,0.6610576923076923,0.682720953326713
0.5856062043676055,0.7851002865329513,0.6586538461538461,0.6805762543467461
0.5858600145758333,0.7873563218390804,0.6586538461538461,0.6809145129224652
0.5874048005650067,0.7896253602305475,0.6586538461538461,0.6812531079065142
0.587898402428287,0.791907514450867,0.6586538461538461,0.6815920398009949
0.5913204474841466,0.7913043478260869,0.65625,0.6794425087108014
0.5919276231143414,0.7936046511627907,0.65625,0.6797808764940239
0.5936392671404662,0.793002915451895,0.6538461538461539,0.6776283009466866
0.5940814173118679,0.7953216374269005,0.6538461538461539,0.6779661016949152
0.5959981890132297,0.7976539589442815,0.6538461538461539,0.6783042394014963
0.5983978449508105,0.7970588235294118,0.6514423076923077,0.6761477045908184
0.5991523292670066,0.799410029498525,0.6514423076923077,0.6764852720918622
0.6003077553363834,0.8017751479289941,0.6514423076923077,0.6768231768231769
0.6007606808428428,0.8041543026706232,0.6514423076923077,0.6771614192903548
0.6018351661906105,0.8035714285714286,0.6490384615384616,0.675
0.6032549388215568,0.8029850746268656,0.6466346153846154,0.6728364182091047
0.6035300766393455,0.8023952095808383,0.6442307692307693,0.6706706706706707
0.6036995523359657,0.8048048048048048,0.6442307692307693,0.6710065097646469
0.6047262105741958,0.8042168674698795,0.6418269230769231,0.6688376753507013
0.6058384369367815,0.8066465256797583,0.6418269230769231,0.6691729323308272
0.6065144761677316,0.806060606060606,0.6394230769230769,0.667001003009027
0.6073008945499313,0.8054711246200608,0.6370192307692307,0.6648268941294531
0.6079801139396434,0.8079268292682927,0.6370192307692307,0.6651606425702811
0.6085187908375488,0.8073394495412844,0.6346153846153846,0.6629834254143647
0.6090590250378468,0.8098159509202454,0.6346153846153846,0.6633165829145727
0.609449363398799,0.8092307692307692,0.6322115384615384,0.6611362493715435
0.6106722319581667,0.808641975308642,0.6298076923076923,0.6589537223340041
0.6111480951013042,0.8080495356037152,0.6274038461538461,0.6567689984901861
0.6112908716396334,0.8074534161490683,0.625,0.6545820745216515
0.6147566217136203,0.8099688473520249,0.625,0.654911838790932
0.6154210189164807,0.809375,0.6225961538461539,0.6527217741935484
0.6155442878904726,0.8087774294670846,0.6201923076923077,0.6505295007564298
0.6164429779978693,0.8081761006289309,0.6177884615384616,0.648335015136226
0.6165902616533616,0.807570977917981,0.6153846153846154,0.646138313982837
0.6175929078065591,0.8069620253164557,0.6129807692307693,0.6439393939393939
0.6183107377728913,0.8095238095238095,0.6129807692307693,0.6442647801920162
0.6185539787659582,0.8121019108280255,0.6129807692307693,0.6445904954499495
0.6199797326471628,0.8115015974440895,0.6105769230769231,0.6423874557410219
0.6223985353683699,0.8108974358974359,0.6081730769230769,0.6401821862348178
0.6224288260730562,0.8135048231511254,0.6081730769230769,0.6405063291139239
0.6232398159769502,0.8129032258064516,0.6057692307692307,0.6382978723404256
0.6234257854462766,0.8122977346278317,0.6033653846153846,0.6360871768879878
0.6237024538408051,0.814935064935065,0.6033653846153846,0.6364097363083164
0.6240301683146348,0.8143322475570033,0.6009615384615384,0.6341958396752917
0.6285022516971306,0.8137254901960784,0.5985576923076923,0.631979695431472
0.6290876753149361,0.8131147540983606,0.5961538461538461,0.6297613001523615
0.6302990403298686,0.8157894736842105,0.5961538461538461,0.6300813008130081
0.630501828908876,0.8151815181518152,0.59375,0.6278596847991866
0.6307176858878233,0.8145695364238411,0.5913461538461539,0.6256358087487285
0.630894640620689,0.813953488372093,0.5889423076923077,0.6234096692111959
0.6315339538410701,0.8133333333333334,0.5865384615384616,0.6211812627291242
0.6323126949699164,0.8127090301003345,0.5841346153846154,0.6189505858380031
0.6329052772510003,0.8120805369127517,0.5817307692307693,0.6167176350662589
0.6334713105084141,0.8114478114478114,0.5793269230769231,0.6144824069352371
0.6350713853080692,0.8108108108108109,0.5769230769230769,0.6122448979591836
0.6362508642117463,0.8101694915254237,0.5745192307692307,0.6100051046452271
0.6365233684550156,0.8129251700680272,0.5745192307692307,0.6103166496424923
0.6370685540263864,0.8122866894197952,0.5721153846153846,0.6080735820132855
0.6373379864416124,0.8116438356164384,0.5697115384615384,0.6058282208588956
0.6401831959930497,0.8109965635738832,0.5673076923076923,0.6035805626598465
0.6411877473570324,0.8103448275862069,0.5649038461538461,0.6013306038894574
0.6412512851228404,0.8096885813148789,0.5625,0.5990783410138248
0.6423284675974251,0.8090277777777778,0.5600961538461539,0.5968237704918034
0.6453250614033057,0.8083623693379791,0.5576923076923077,0.5945668887749873
0.6464248489284529,0.8076923076923077,0.5552884615384616,0.5923076923076922
0.6468735513727469,0.8070175438596491,0.5528846153846154,0.590046177526937
0.6471665606555629,0.8098591549295775,0.5528846153846154,0.5903490759753593
0.650193955074556,0.8091872791519434,0.5504807692307693,0.588084232152029
0.6513104024706193,0.8085106382978723,0.5480769230769231,0.5858170606372045
0.6517005444584203,0.8078291814946619,0.5456730769230769,0.583547557840617
0.6517994880240563,0.8107142857142857,0.5456730769230769,0.5838477366255144
0.6518383683236686,0.8136200716845878,0.5456730769230769,0.5841482243952649
0.6531819464310324,0.8129496402877698,0.5432692307692307,0.5818743563336767
0.6539614766502996,0.8122743682310469,0.5408653846153846,0.579598145285935
0.657734191660413,0.8115942028985508,0.5384615384615384,0.577319587628866
0.6578716023434151,0.8109090909090909,0.5360576923076923,0.5750386797318205
0.6580181403908374,0.8102189781021898,0.5336538461538461,0.5727554179566563
0.6588567757582023,0.8131868131868132,0.5336538461538461,0.5730511099638617
0.6614335921348315,0.8125,0.53125,0.5707644628099173
0.6619378205049594,0.8154981549815498,0.53125,0.5710594315245477
0.6627651292031399,0.8148148148148148,0.5288461538461539,0.5687693898655636
0.6640583701260263,0.8141263940520446,0.5264423076923077,0.5664769787894465
0.6652296341912559,0.8134328358208955,0.5240384615384616,0.5641821946169773
0.6659638444435453,0.8127340823970037,0.5216346153846154,0.5618850336613154
0.668325223892933,0.8120300751879699,0.5192307692307693,0.5595854922279793
0.6694799275678278,0.8113207547169812,0.5168269230769231,0.5572835666148263
0.6720873952763181,0.8106060606060606,0.5144230769230769,0.5549792531120331
0.6722065589942082,0.8098859315589354,0.5120192307692307,0.5526725480020757
0.6736349633443294,0.8091603053435115,0.5096153846153846,0.5503634475597092
0.674649410009704,0.8084291187739464,0.5072115384615384,0.548051948051948
0.6749337644217286,0.8076923076923077,0.5048076923076923,0.5457380457380456
0.6767813519423782,0.806949806949807,0.5024038461538461,0.5434217368694748
0.680664531454999,0.810077519379845,0.5024038461538461,0.5437044745057232
0.6817643820635456,0.8093385214007782,0.5,0.5413846954711088
0.682806788709364,0.8125,0.5,0.5416666666666666
0.6828386903371324,0.8117647058823529,0.49759615384615385,0.539343408025013
0.6834409225439886,0.8149606299212598,0.49759615384615385,0.5396246089676746
0.6842126778219432,0.8181818181818182,0.49759615384615385,0.5399061032863849
0.684482205476836,0.8174603174603174,0.4951923076923077,0.5375782881002088
0.6847213862875396,0.8167330677290837,0.49278846153846156,0.5352480417754569
0.6861209743832,0.82,0.49278846153846156,0.5355276907001044
0.6863580141317404,0.8192771084337349,0.49038461538461536,0.5331939362258232
0.6872224133240313,0.8185483870967742,0.4879807692307692,0.5308577405857741
0.687528324854832,0.8218623481781376,0.4879807692307692,0.5311355311355311
0.6880209528589692,0.8211382113821138,0.4855769230769231,0.5287958115183246
0.6892519662448626,0.8204081632653061,0.4831730769230769,0.5264536406495547
0.6910158093923533,0.819672131147541,0.4807692307692308,0.5241090146750524
0.691560640373551,0.8189300411522634,0.47836538461538464,0.5217619297325643
0.6916949277376055,0.8181818181818182,0.47596153846153844,0.5194123819517313
0.6924018193744905,0.8174273858921162,0.4735576923076923,0.5170603674540681
0.6933703116538702,0.8166666666666667,0.47115384615384615,0.5147058823529411
0.6938583845255651,0.8158995815899581,0.46875,0.512348922753547
0.6952442865381054,0.8151260504201681,0.46634615384615385,0.5099894847528917
0.6970290024266927,0.8185654008438819,0.46634615384615385,0.5102577590741715
0.6970557354789425,0.8177966101694916,0.4639423076923077,0.5078947368421053
0.6991620624981362,0.8170212765957446,0.46153846153846156,0.5055292259083728
0.6992190100825136,0.8162393162393162,0.45913461538461536,0.5031612223393045
0.6998711224344092,0.8197424892703863,0.45913461538461536,0.503426462836057
0.7005579594444578,0.8232758620689655,0.45913461538461536,0.5036919831223629
0.7011569376144041,0.8225108225108225,0.4567307692307692,0.5013192612137204
0.7019242856923473,0.8217391304347826,0.4543269230769231,0.4989440337909187
0.702172734524101,0.8253275109170306,0.4543269230769231,0.4992076069730587
0.702400230175193,0.8289473684210527,0.4543269230769231,0.49947145877378446
0.7039284704252476,0.8281938325991189,0.4519230769230769,0.49709148598625064
0.7051576242610644,0.827433628318584,0.4495192307692308,0.49470899470899476
0.7064233756572778,0.8266666666666667,0.44711538461538464,0.4923239809422975
0.7068670554329561,0.8303571428571429,0.44711538461538464,0.4925847457627119
0.7070518692918284,0.8295964125560538,0.44471153846153844,0.49019607843137253
0.7085260601708404,0.8288288288288288,0.4423076923076923,0.4878048780487805
0.7096621675612163,0.8280542986425339,0.43990384615384615,0.48541114058355433
0.7099126801383256,0.8272727272727273,0.4375,0.4830148619957538
0.7108029193318453,0.8264840182648402,0.43509615384615385,0.48061603823685617
0.7108420512966398,0.8256880733944955,0.4326923076923077,0.4782146652497343
0.7122328839865575,0.8248847926267281,0.43028846153846156,0.47581073896863374
0.7124983725191187,0.8287037037037037,0.43028846153846156,0.4760638297872341
0.7137215489768791,0.8325581395348837,0.43028846153846156,0.476317189994678
0.7152205769792104,0.8317757009345794,0.42788461538461536,0.4739084132055377
0.7158391712169976,0.8309859154929577,0.4254807692307692,0.4714970697922216
0.7162521151548367,0.8301886792452831,0.4230769230769231,0.4690831556503198
0.7165683341028045,0.8293838862559242,0.4206730769230769,0.4666666666666666
0.7177010483115736,0.8285714285714286,0.4182692307692308,0.46424759871931703
0.7187398710430223,0.8277511961722488,0.41586538461538464,0.4618259476775228
0.7193794287670429,0.8269230769230769,0.41346153846153844,0.4594017094017093
0.7198358442224753,0.8260869565217391,0.4110576923076923,0.45697487974345263
0.7214719829886498,0.8300970873786407,0.4110576923076923,0.45721925133689845
0.7216999942811068,0.8292682926829268,0.40865384615384615,0.45478865703584803
0.7239396991006589,0.8333333333333334,0.40865384615384615,0.4550321199143469
0.7258609758330973,0.8374384236453202,0.40865384615384615,0.4552758435993572
0.7264522271839247,0.8415841584158416,0.40865384615384615,0.45551982851018225
0.7279525737289189,0.8407960199004975,0.40625,0.45308310991957107
0.729584997838068,0.845,0.40625,0.4533261802575107
0.7316045950132373,0.8442211055276382,0.40384615384615385,0.4508856682769726
0.7320421224896585,0.8434343434343434,0.4014423076923077,0.4484425349087004
0.7329642219094613,0.8426395939086294,0.39903846153846156,0.44599677592692105
0.7332530083251764,0.8418367346938775,0.39663461538461536,0.4435483870967742
0.733476368141502,0.8461538461538461,0.39663461538461536,0.4437869822485207
0.7352849042784261,0.845360824742268,0.3942307692307692,0.4413347685683531
0.7360213913908431,0.8497409326424871,0.3942307692307692,0.44157242864835755
0.7386115506263168,0.8541666666666666,0.3942307692307692,0.4418103448275862
0.7389941741084257,0.8586387434554974,0.3942307692307692,0.44204851752021557
0.7396327870778425,0.8578947368421053,0.3918269230769231,0.43959007551240564
0.7408629784804646,0.8624338624338624,0.3918269230769231,0.4398273070696169
0.7411376409418392,0.8617021276595744,0.3894230769230769,0.4373650107991361
0.742673728233963,0.8663101604278075,0.3894230769230769,0.4376012965964344
0.7428090323279671,0.8655913978494624,0.3870192307692308,0.4351351351351352
0.743040113209696,0.8648648648648649,0.38461538461538464,0.4326663061114116
0.7446971030266877,0.8641304347826086,0.38221153846153844,0.43019480519480513
0.7450365075753638,0.8633879781420765,0.3798076923076923,0.42772062804547917
0.7450518231401757,0.8626373626373627,0.37740384615384615,0.4252437703141929
0.7458082902433625,0.861878453038674,0.375,0.42276422764227645
0.7458761538927615,0.8611111111111112,0.37259615384615385,0.4202819956616052
0.7461457133434627,0.8603351955307262,0.3701923076923077,0.41779706999457406
0.7462690631253708,0.8651685393258427,0.3701923076923077,0.4180238870792617
0.7465358180546993,0.864406779661017,0.36778846153846156,0.41553503530689845
0.7469919315336905,0.8636363636363636,0.36538461538461536,0.4130434782608695
0.7473078420670031,0.8628571428571429,0.3629807692307692,0.41054921152800433
0.7480781378154476,0.8620689655172413,0.3605769230769231,0.40805223068552776
0.7482454715479769,0.861271676300578,0.3581730769230769,0.4055525313010343
0.7484224821065772,0.8662790697674418,0.3581730769230769,0.40577342047930287
0.750179608585361,0.8713450292397661,0.3581730769230769,0.40599455040871935
0.7517690044292951,0.8705882352941177,0.3557692307692308,0.4034896401308616
0.7522307253274444,0.8757396449704142,0.3557692307692308,0.4037097654118931
0.7524766799043282,0.875,0.35336538461538464,0.4012008733624454
0.7537014872737715,0.874251497005988,0.35096153846153844,0.3986892408519934
0.7566770628348864,0.8734939759036144,0.3485576923076923,0.39617486338797814
0.7579253599017184,0.8727272727272727,0.34615384615384615,0.3936577364680153
0.7583927941258998,0.8780487804878049,0.34615384615384615,0.3938730853391685
0.758556988508071,0.8773006134969326,0.34375,0.391351943076081
0.7587809322094314,0.8765432098765432,0.34134615384615385,0.3888280394304491
0.7588231227358884,0.8757763975155279,0.3389423076923077,0.3863013698630138
0.7600010895284008,0.875,0.33653846153846156,0.38377192982456143
0.7600592713245127,0.8742138364779874,0.33413461538461536,0.38123971475589685
0.7608644894978653,0.8734177215189873,0.3317307692307692,0.3787047200878156
0.7611306485029775,0.8789808917197452,0.3317307692307692,0.37891268533772654
0.7627431990506257,0.8782051282051282,0.3293269230769231,0.3763736263736263
0.7628692825775397,0.8774193548387097,0.3269230769230769,0.37383177570093457
0.7631564194946204,0.8766233766233766,0.3245192307692308,0.3712871287128713
0.7657598391173127,0.8758169934640523,0.32211538461538464,0.36873968079251523
0.7660343904427863,0.875,0.31971153846153844,0.3661894273127753
0.7664849176958615,0.8741721854304636,0.3173076923076923,0.3636363636363636
0.7665648999350019,0.8733333333333333,0.31490384615384615,0.3610804851157662
0.7673702920467798,0.87248322147651,0.3125,0.3585217870932157
0.7679402660204238,0.8716216216216216,0.31009615384615385,0.35596026490066224
0.7686228568593272,0.8707482993197279,0.3076923076923077,0.353395913859746
0.7695229118663895,0.8698630136986302,0.30528846153846156,0.35082872928176795
0.7697176603742574,0.8689655172413793,0.30288461538461536,0.34825870646766166
0.7698002484254279,0.875,0.30288461538461536,0.34845132743362833
0.7707529993518668,0.8741258741258742,0.3004807692307692,0.34587714443829554
0.7712474777395779,0.8732394366197183,0.2980769230769231,0.34330011074197114
0.7721025591297545,0.8794326241134752,0.2980769230769231,0.3434903047091413
0.773003025967179,0.8785714285714286,0.2956730769230769,0.3409090909090909
0.7736023555135131,0.8776978417266187,0.2932692307692308,0.3383250138657793
0.7741380596260625,0.8768115942028986,0.29086538461538464,0.33573806881243073
0.7748743285161843,0.8759124087591241,0.28846153846153844,0.3331482509716824
0.775089224649394,0.8823529411764706,0.28846153846153844,0.3333333333333333
0.7753020206110796,0.8814814814814815,0.2860576923076923,0.33073929961089493
0.7779038957332122,0.8805970149253731,0.28365384615384615,0.3281423804226919
0.7798742661439612,0.8796992481203008,0.28125,0.32554257095158595
0.78014679071685,0.8787878787878788,0.27884615384615385,0.3229398663697105
0.7801953942973622,0.8778625954198473,0.2764423076923077,0.32033426183844016
0.7809290566302934,0.8769230769230769,0.27403846153846156,0.3177257525083612
0.781069156958958,0.875968992248062,0.27163461538461536,0.31511433351924145
0.7813069916664118,0.875,0.2692307692307692,0.3125
0.7820220094848154,0.8740157480314961,0.2668269230769231,0.30988274706867674
0.7821453507216993,0.873015873015873,0.2644230769230769,0.30726256983240224
0.7833710843996018,0.872,0.2620192307692308,0.3046394633873673
0.7846524410238751,0.8709677419354839,0.25961538461538464,0.30201342281879195
0.7853667784812787,0.8699186991869918,0.25721153846153844,0.29938444320089536
0.7857357347207014,0.8688524590163934,0.2548076923076923,0.29675251959686455
0.7871445470374294,0.8677685950413223,0.25240384615384615,0.29411764705882354
0.7872959294055663,0.875,0.25240384615384615,0.2942825112107623
0.7899774555483003,0.8739495798319328,0.25,0.2916432978126753
0.7906156541988012,0.8728813559322034,0.24759615384615385,0.2890011223344557
0.7909207562278765,0.8717948717948718,0.24519230769230768,0.28635597978663674
0.7914210653267356,0.8706896551724138,0.24278846153846154,0.28370786516853935
0.7920228038913212,0.8782608695652174,0.24278846153846154,0.28386734120292295
0.7944326438655337,0.8771929824561403,0.2403846153846154,0.28121484814398195
0.7944637638034127,0.8849557522123894,0.2403846153846154,0.2813731007315701
0.7949302584774581,0.8839285714285714,0.23798076923076922,0.2787162162162162
0.7953456951283012,0.8828828828828829,0.23557692307692307,0.27605633802816903
0.7957012700465875,0.8909090909090909,0.23557692307692307,0.2762119503945885
0.7959595610046354,0.8899082568807339,0.23317307692307693,0.27354765933446135
0.7967834733377444,0.8888888888888888,0.23076923076923078,0.2708803611738149
0.7971567889353582,0.897196261682243,0.23076923076923078,0.2710333145115754
0.7976430602127133,0.8962264150943396,0.2283653846153846,0.2683615819209039
0.798035900917425,0.8952380952380953,0.22596153846153846,0.2656868287167891
0.7982200021206873,0.8942307692307693,0.22355769230769232,0.26300904977375567
0.7995152948139901,0.8932038834951457,0.22115384615384615,0.2603282399547255
0.7996176532035183,0.9019607843137255,0.22115384615384615,0.2604756511891279
0.8002278755881447,0.9108910891089109,0.22115384615384615,0.26062322946175637
0.8009997217796655,0.91,0.21875,0.2579365079365079
0.8012208660128377,0.9090909090909091,0.21634615384615385,0.2552467385138968
0.801810538685078,0.9081632653061225,0.21394230769230768,0.2525539160045403
0.8019416579319291,0.9072164948453608,0.21153846153846154,0.24985803520726857
0.8021461801163156,0.90625,0.2091346153846154,0.2471590909090909
0.8023138355253971,0.9157894736842105,0.2091346153846154,0.24729960204661738
0.8034491359032132,0.9148936170212766,0.20673076923076922,0.2445961319681456
0.8044955372732225,0.9139784946236559,0.20432692307692307,0.24188958451906659
0.8055059695284587,0.9130434782608695,0.20192307692307693,0.23917995444191342
0.8056722488398887,0.9120879120879121,0.19951923076923078,0.23646723646723647
0.8063880925221991,0.9111111111111111,0.1971153846153846,0.23375142531356896
0.8065982576411744,0.9101123595505618,0.19471153846153846,0.23103251568739305
0.8070313977008559,0.9090909090909091,0.19230769230769232,0.228310502283105
0.8070799590527422,0.9080459770114943,0.18990384615384615,0.22558537978298113
0.8080333508893476,0.9069767441860465,0.1875,0.2228571428571429
0.8093135503895107,0.9058823529411765,0.18509615384615385,0.22012578616352202
0.8095734583856244,0.9047619047619048,0.18269230769230768,0.21739130434782608
0.8099159183117339,0.9036144578313253,0.18028846153846154,0.21465369204350315
0.8106395134096297,0.9024390243902439,0.1778846153846154,0.21191294387170678
0.8118479100782605,0.9012345679012346,0.17548076923076922,0.20916905444126072
0.812864672779813,0.9,0.17307692307692307,0.20642201834862386
0.813612228082988,0.8987341772151899,0.17067307692307693,0.20367183017785426
0.8140244093016288,0.8974358974358975,0.16826923076923078,0.20091848450057406
0.8140693575453446,0.8961038961038961,0.1658653846153846,0.19816197587593337
0.8142554148089403,0.8947368421052632,0.16346153846153846,0.19540229885057472
0.8144539003828148,0.8933333333333333,0.16105769230769232,0.19263944795859692
0.8169851229846721,0.8918918918918919,0.15865384615384615,0.189873417721519
0.8179841490958825,0.8904109589041096,0.15625,0.1871042026482441
0.8187374236775155,0.8888888888888888,0.15384615384615385,0.18433179723502305
0.8196768647516606,0.8873239436619719,0.15144230769230768,0.18155619596541786
0.8199956672494082,0.8857142857142857,0.14903846153846154,0.1787773933102653
0.823249842244207,0.8840579710144928,0.1466346153846154,0.17599538372763993
0.8273256541582537,0.8823529411764706,0.14423076923076922,0.17321016166281755
0.8275797222640349,0.8805970149253731,0.14182692307692307,0.17042172154823804
0.8302215866797351,0.8787878787878788,0.13942307692307693,0.1676300578034682
0.830759689977375,0.8769230769230769,0.13701923076923078,0.16483516483516486
0.8339316289680009,0.875,0.1346153846153846,0.16203703703703703
0.8344508423604117,0.873015873015873,0.13221153846153846,0.15923566878980894
0.8347593615650649,0.8709677419354839,0.12980769230769232,0.1564310544611819
0.8353963548528165,0.8852459016393442,0.12980769230769232,0.1565217391304348
0.8360746044355031,0.8833333333333333,0.12740384615384615,0.15371229698375866
0.8371443670411225,0.8813559322033898,0.125,0.150899593731863
0.8377312440580675,0.8793103448275862,0.12259615384615384,0.14808362369337977
0.8378076986542632,0.8771929824561403,0.1201923076923077,0.1452643811737362
0.8380797194154996,0.875,0.11778846153846154,0.14244186046511628
0.8390950853890401,0.8909090909090909,0.11778846153846154,0.14252472367655614
0.8406736390755252,0.8888888888888888,0.11538461538461539,0.13969732246798605
0.8421591583943447,0.8867924528301887,0.11298076923076923,0.13686662783925452
0.8461677119554075,0.9038461538461539,0.11298076923076923,0.13694638694638694
0.8463829949097627,0.9019607843137255,0.11057692307692307,0.13411078717201166
0.8466796372793521,0.9,0.10817307692307693,0.13127187864644108
0.8475073144305234,0.8979591836734694,0.10576923076923077,0.12842965557501457
0.8504912504687948,0.8958333333333334,0.10336538461538461,0.1255841121495327
0.8507501869802593,0.8936170212765957,0.10096153846153846,0.12273524254821742
0.8508728717496199,0.8913043478260869,0.0985576923076923,0.11988304093567251
0.8527791345464161,0.8888888888888888,0.09615384615384616,0.11702750146284378
0.8533816013653756,0.8863636363636364,0.09375,0.11416861826697892
0.8560827372922116,0.8837209302325582,0.09134615384615384,0.11130638547158757
0.858734852694562,0.8809523809523809,0.0889423076923077,0.10844079718640096
0.8606402243493104,0.8780487804878049,0.08653846153846154,0.10557184750733137
0.8606595452550413,0.875,0.08413461538461539,0.10269953051643194
0.8607897198275799,0.8974358974358975,0.08413461538461539,0.10275983558426308
0.8608706200235434,0.8947368421052632,0.08173076923076923,0.09988249118683902
0.8610436309694931,0.8918918918918919,0.07932692307692307,0.09700176366843034
0.862374923432086,0.8888888888888888,0.07692307692307693,0.09411764705882353
0.8627139991414751,0.8857142857142857,0.07451923076923077,0.09123013537374926
0.8630817947591939,0.8823529411764706,0.07211538461538461,0.08833922261484099
0.865242373884752,0.8787878787878788,0.06971153846153846,0.0854449027695934
0.8655497326044059,0.90625,0.06971153846153846,0.08549528301886793
0.8656871080445885,0.9032258064516129,0.0673076923076923,0.08259587020648967
0.8659418971671381,0.9,0.06490384615384616,0.07969303423848878
0.8665228212473179,0.9310344827586207,0.06490384615384616,0.07974010632014177
0.8690396168381892,0.9285714285714286,0.0625,0.0768321513002364
0.8693181102125931,0.9259259259259259,0.06009615384615385,0.07392075694855116
0.871502115750295,0.9230769230769231,0.057692307692307696,0.07100591715976332
0.8733539663264969,0.92,0.055288461538461536,0.06808762581409118
0.8738872869885106,0.9166666666666666,0.052884615384615384,0.06516587677725118
0.8739070509420356,0.9130434782608695,0.05048076923076923,0.06224066390041494
0.8744405982978414,0.9090909090909091,0.04807692307692308,0.05931198102016608
0.8751088961096757,0.9047619047619048,0.04567307692307692,0.05637982195845697
0.876419927423145,0.9,0.04326923076923077,0.05344418052256532
0.8779024829420575,0.8947368421052632,0.040865384615384616,0.050505050505050504
0.8789978695998057,0.8888888888888888,0.038461538461538464,0.04756242568370987
0.8796962265501185,0.8823529411764706,0.036057692307692304,0.0446162998215348
0.8810416572868782,0.875,0.03365384615384615,0.041666666666666664
0.8823804492615314,0.8666666666666667,0.03125,0.038713519952352594
0.8877458325958913,0.8571428571428571,0.028846153846153848,0.03575685339690108
0.8894372204018265,0.8461538461538461,0.026442307692307692,0.03279666070363745
0.893483542412607,0.8333333333333334,0.02403846153846154,0.02983293556085919
0.895017767572838,0.9090909090909091,0.02403846153846154,0.029850746268656712
0.8950910076917695,0.9,0.021634615384615384,0.026881720430107527
0.8952849838774916,1.0,0.021634615384615384,0.02689778840406456
0.895985872545927,1.0,0.019230769230769232,0.02392344497607656
0.9017149519363978,1.0,0.016826923076923076,0.02094554159186116
0.9037059653029721,1.0,0.014423076923076924,0.017964071856287428
0.9044040020243395,1.0,0.01201923076923077,0.014979029358897543
0.9074143968373547,1.0,0.009615384615384616,0.011990407673860911
0.9156316033387677,1.0,0.007211538461538462,0.008998200359928016
0.9195620099169836,1.0,0.004807692307692308,0.006002400960384154
0.9201279946895585,1.0,0.002403846153846154,0.0030030030030030034
