partition,pca_1,pca_2,kmeans_segment,gmm_segment
train,0.6573834297386933,0.9140942594386378,4,3
train,1.3600580405150002,0.09674804784153647,3,3
train,-1.1549109488053162,0.10911916012950583,1,2
train,-0.04589004378218775,-0.2893369805070082,3,2
train,0.33416016360102446,0.19464689235308172,3,6
train,0.5738135462791052,-0.3557348625439033,3,0
train,-0.028039717802167866,0.11433746830514291,3,6
train,0.4608163817698701,-0.20713108567091823,3,6
train,0.7565766583563602,-0.8365959616244177,3,0
train,-1.5244244607983999,0.153119873838263,1,2
train,-1.6854718320382331,0.6514409643582822,1,2
train,0.623417542822046,-0.23547971040389082,0,0
train,-0.7094731870822846,0.9474043297345693,4,7
train,0.9509325757685045,0.35551195671031727,3,0
train,2.0786621186683987,-0.49119828096383433,3,0
train,-0.9899918738078224,0.14605459865541587,1,2
train,1.0300567754091956,-0.22569795915440355,3,1
train,0.6931306764447144,0.42142014733495187,3,0
train,0.10357447570293105,-0.4604952717665926,3,6
train,4.228454595380279,-0.6016044471038152,3,4
train,1.700730684095678,0.3252036184801658,0,4
train,1.1324040725694389,1.6684529336897103,4,3
train,-1.6335807377747298,1.6629967134220942,4,7
train,0.10622904372189333,-0.6902264824152096,3,0
train,-1.8449997630453754,0.5726678959198178,1,2
train,-1.0924364897672112,-0.25181122887676544,1,2
train,2.0436544454521646,0.10730608658915868,0,0
train,-0.169001065072798,-0.6191474041955289,3,6
train,-1.7809580064410167,0.47843028563444295,1,7
train,0.15350460278655198,-0.6396897644788587,3,0
train,1.311200788121646,1.0592280646312893,3,3
train,0.7091921964546741,-0.5222469787753466,3,0
train,-1.544485633118831,0.4149814716002735,1,2
train,0.9211922565477679,-0.7219072736669809,3,0
train,0.6339056324610141,-0.3885984053670838,3,6
train,1.0221385011400417,-0.33907473186827825,0,1
train,0.17814324653331542,-0.6412680378879535,3,6
train,-0.14820077699158443,0.8211468082425835,4,5
train,-0.8960653465935374,0.8253825395661414,4,7
train,0.9664235737283259,-0.3939794522648472,0,1
train,1.4400381719241588,-0.32795175217998684,3,0
train,-0.4115141782504942,-0.47935125880132506,3,6
train,-1.536787259415748,0.19715186365746432,1,2
train,1.148548797169727,-0.1444589200339064,3,0
train,0.5190033583385547,0.08034282102023453,3,1
train,2.9628752945219987,1.6794794473482058,3,4
train,-0.3775274941615612,0.32237253457635445,0,1
train,-1.455000481308243,-0.026122571973901346,1,2
train,-0.928017428971344,-0.02476490268167593,1,2
train,0.4728910743169357,0.23872729164739673,3,7
train,0.8130405664408014,-1.1023574503019373,3,1
train,-0.654466461774965,-0.025585835544370376,1,2
train,1.3918587831396354,0.5317789296398666,0,4
train,-0.37686375505741915,0.9250685979077375,4,5
train,1.6448986877617067,-0.7405061994427,3,0
train,0.7103767386063977,-0.5452812410014574,3,6
train,-1.631555116162004,0.8081387139006112,1,2
train,0.6858124019724614,-0.19951267188321273,3,6
train,11.94522626011025,-1.673343843543478,7,4
train,-1.5760557614582469,0.28683946679440087,1,2
train,0.07610158732567832,-0.6027328447818696,3,2
train,-0.04889527699692793,1.3760913541636457,4,5
train,-1.1751405297614816,3.292899247270607,5,7
train,-1.0397282182082361,0.6435492962653974,1,7
train,-1.5179923292963644,1.23901267642145,1,7
train,0.023227261333884572,-0.6424977164234386,3,6
train,-0.6591212263815456,-0.18617322564544384,1,2
train,-0.7513410303218535,2.217092205356267,4,5
train,0.28335496943222543,-0.7044464310439752,3,6
train,1.296661810741017,-1.0337031327756143,2,1
train,-0.25066535970304515,-0.7552950852080423,3,6
train,1.3395759667952902,0.015107721761325653,3,0
train,1.8458607265472866,-0.9444147141962942,3,0
train,-0.8790099460860312,0.8777353901066942,4,5
train,-1.4646844479021428,0.04212560583365553,1,2
train,-0.5819243590091845,0.08646172053838123,1,2
train,0.36893336841375945,0.27589774586151355,4,6
train,1.5193539130562497,-0.08087093738848045,3,4
train,-0.48432397384740955,0.02512757951758412,4,7
train,-1.4671124724105542,0.3049507364509542,1,2
train,1.871690626007592,0.8681061298205246,0,4
train,0.7879299541881741,-0.41400076488282966,3,6
train,1.138349500469372,-0.3805196843570143,3,0
train,1.1605924340057057,0.056701409106171906,4,6
train,1.626203800695645,0.10567200083321995,4,0
train,-0.9259361740839731,0.26658263627231926,1,6
train,0.8274611463797165,-0.6950738436965361,3,0
train,1.1508049364580413,-0.4611823933909161,3,6
train,-1.5391244121390357,0.3134299708021077,1,2
train,0.3109102652945412,-0.5899021433641586,3,0
train,1.0981792500109109,-0.823063800659073,0,0
train,-0.2890722301669206,-0.00664277930996652,4,7
train,-1.726072421920435,0.21004967712512065,1,2
train,-1.6116300723976507,0.10749333413467825,1,2
train,-1.3737360676593282,0.8654213195906238,4,5
train,0.5464700206007129,-1.2807321777287701,2,1
train,-0.05664176540941261,-0.14585453738313103,3,6
train,-1.5395455808248895,1.7354678782722621,4,7
train,-1.3693641083468904,0.24501096185927823,1,2
train,0.4504313678340156,-0.5030998535266697,0,1
train,0.8534364325895821,-0.3277232472402791,3,1
train,1.850272098646378,-0.6927665850666065,0,0
train,0.8514783642741088,0.1339247634472789,4,0
train,-1.3819556948752065,0.01946267862053451,1,2
train,-2.208180914653809,0.6172186127298651,1,2
train,-0.9622455235430887,-0.05070348675630102,1,6
train,1.817439928898738,-0.6524360123014227,0,0
train,-0.6669161975543295,-0.295587881091988,1,2
train,2.3501839568492344,-0.275238727857012,0,0
train,-0.7272297220629931,0.8211791333510567,4,5
train,0.7862167592322428,-0.0019230985421356064,4,7
train,0.11566198344570837,-0.404190473361278,3,0
train,0.850018332471857,-0.8760145640411868,3,6
train,0.7174439098570968,-0.23971274474621262,3,6
train,1.2022156009701264,-1.0470075352360062,3,0
train,0.6785816506028898,-0.23727752174863959,3,6
train,-0.4814356945534681,-0.624370291055354,1,6
train,0.2189293419959525,-0.7514770909813825,3,6
train,1.652057754169891,0.4951651514700956,3,4
train,-1.8991361491259795,0.6413289272323865,1,7
train,-0.5136488163342057,-0.5370805131515337,3,2
train,0.6068547605119027,-0.4291475747231541,2,6
train,0.15456066080673384,0.01795648992009938,3,6
train,-0.31850161967765517,-0.36342938122659013,3,6
train,0.6930600442144027,-0.5855137927195755,2,6
train,0.4184879397963314,-0.4911317694755193,3,6
train,-1.0260506878700049,0.3903295631023574,1,7
train,-1.5590208073941547,0.19806857897599942,1,2
train,-0.21628936009117763,0.0823923759962104,4,6
train,3.4717760163574556,-0.7583806633726279,3,4
train,1.1845661848777516,-0.6106143191233006,3,0
train,0.8168484435396806,0.5757505007222905,4,3
train,1.348107393557532,-0.731794198153046,3,1
train,-2.112465636937142,0.301923110661954,1,2
train,0.3207375921254605,-0.12200314061704647,4,1
train,-0.011230111561484856,1.263881333366142,4,5
train,0.7715876234575911,-0.11777556735719516,4,0
train,-0.5427249743258292,-0.2553100533512833,1,2
train,-0.6507395421675213,0.4551204360879384,4,7
train,0.08186359821649553,-0.7060952638075522,3,6
train,-1.4060113444182516,0.7616953353423056,1,2
train,-0.582827183466434,1.0015947874317765,4,5
train,-0.25346695577321177,-0.3118656126885433,3,6
train,-1.5230182897655549,0.6772889343926332,1,7
train,0.9675519062144294,-0.7743116548832067,0,0
train,-1.5282984638852382,1.22143063309277,4,5
train,1.7203740533450163,-0.5777473895692501,3,0
train,0.0953382953951416,-0.2785095278882137,3,6
train,0.0361502758762368,1.9823319758359763,4,5
train,0.07106999664540015,0.18284725632756707,3,6
train,-0.10393400372249566,-0.42375835381664484,3,6
train,-0.6822472591830776,1.0454886222374729,4,7
train,0.9904815095497416,-0.0232932985985485,0,0
train,1.3592003428688937,-2.302553348058851,2,1
train,1.8166062993263772,-0.506537322680239,3,0
train,0.29179188606842416,-0.2874349998111675,3,6
train,0.691304068294537,-0.6778460152953536,3,6
train,-1.7026351111424733,0.8834732709134594,1,3
train,-2.3699798914531764,0.6293217364609313,1,2
train,1.840387776241827,-0.10961062398874002,3,0
train,-0.7902056850728962,-0.09468641821937093,1,6
train,0.8299674871950603,-0.19585490167832093,3,0
train,1.4784708461158287,-0.2323556020035935,3,0
train,-0.010574311479121521,-0.4954298773744328,3,6
train,-0.09795643043641301,-0.2381677078761428,3,6
train,-1.4477512739476432,0.06960270486123908,1,7
train,1.797642573991477,0.19424312954869707,3,0
train,1.1066704971541463,-0.9120097999193063,3,0
train,-0.9815836187815383,-0.19156405031595714,1,2
train,-2.027566187515504,0.7112318637686195,1,2
train,0.0453419522605783,0.5848248079852435,4,7
train,-1.5230225946820302,0.10286544624366074,1,2
train,0.31402047204912387,-0.7924694614054597,0,0
train,-0.11927776377771486,-0.23991783912934883,3,7
train,-0.3531896658217384,-0.29494610019087725,3,6
train,-1.435271544098916,0.4023757397534779,1,2
train,1.021613466878705,-0.8323435334982164,3,0
train,-0.07844894243758227,-0.03289354256811364,3,7
train,0.46850723540082984,-0.7390819472917818,3,6
train,1.3529194745578237,-0.7707317288576817,3,0
train,-1.4190320965991876,0.42636492054825287,1,7
train,-1.8474829011784026,0.36542874087624716,1,2
train,0.8772980589179318,-0.6363093287173741,0,0
train,1.3527958504260136,0.12901298725990845,0,0
train,0.7754269556206257,-1.0049366349553104,3,0
train,1.1164969545283885,-0.33732159194749994,0,0
train,0.8825196352678489,-0.16553717890172054,3,6
train,0.9292684601605726,-0.42125521730201493,3,0
train,2.417801904679214,-0.56473889030316,0,0
train,0.2842997221830743,-0.5471067529540827,2,1
train,-0.9987011217225186,0.8884880925194357,1,7
train,-0.6105200608438284,-0.4262049037872789,1,6
train,1.5064482443118885,1.1325631314161684,4,3
train,0.535797326567022,-0.4170684932184337,3,6
train,1.0853643012560212,-0.9454262604917464,3,1
train,-1.6235591583999982,0.1858848947581247,1,7
train,-1.1058378186584592,0.08876991222414275,1,2
train,1.3646018646137674,-0.720369647304138,0,0
train,-1.6767631774964262,0.17262757086285915,1,2
train,-0.24928563439284807,-0.5578005035727824,3,2
train,0.43442061385373676,-0.5515973576909884,0,0
train,-2.108655507371541,0.49416424452622576,1,2
train,0.5823949129370589,-0.044913363821355246,3,0
train,-1.5395375134787501,1.0354460517324209,4,5
train,0.4359630873173845,-0.034005926544776764,4,6
train,-1.7403785076852847,0.27147025311742284,1,2
train,-0.6470071429377718,-0.34394961381673117,1,2
train,0.7740219412927772,-1.015022096167039,3,0
train,-0.4738467790969323,-0.2118742132029104,1,6
train,-1.8384266480266034,0.06956432714439424,1,2
train,-0.3684904879566899,-0.5325163577015901,3,2
train,-1.902044201404522,0.26136838032633414,1,2
train,-0.31477046337040027,-0.18014917851858162,3,6
train,0.7531578879085604,-0.11104401306826095,3,6
train,2.991290602012692,1.21275383946837,0,4
train,0.5238879514618073,-0.6975978495664221,3,0
train,-0.2489123350949041,-0.5307486405525064,3,6
train,1.4465676232795939,0.25469489425111463,0,4
train,0.9824697312760994,-0.29377757794032283,2,6
train,-0.653181947327457,-0.4206754737301952,1,6
train,-1.1358412201378678,-0.18688348388928067,1,2
train,-0.3217463693507869,-0.21943495530831464,3,6
train,0.8042346709648385,-0.7408443693832767,0,1
train,-0.6122589076175845,1.0940160678851887,4,5
train,-1.032054324146836,-0.2100443312209016,1,2
train,0.709221091731551,-0.207276660970443,3,3
train,-1.121355330407171,0.047519979677672616,1,2
train,-1.6428199637726686,1.45335302480245,4,7
train,-1.565080759788329,-0.00039083552358827616,1,2
train,-2.2815417632700026,0.48160479015243285,1,2
train,-1.489859964786282,0.7998022259701107,1,7
train,-0.9852824979660623,-0.31344984229777606,1,2
train,-1.1744090820434427,0.0675242048556423,1,2
train,0.28171222408393654,-0.32985749529473435,0,1
train,0.2112281858580048,-0.238591473861597,4,6
train,-1.0897906112267293,-0.11562400440897382,1,2
train,0.5770432981423358,-0.008363562057388625,3,6
train,-1.569885525659124,0.11933497297791502,1,2
train,-1.9461098863350952,0.49980375199906313,1,7
train,-0.7969523094546885,0.8576378432418299,4,5
train,0.36247691268272464,-0.33847629667891294,3,6
train,-0.636633529160482,-0.4546368708992332,1,2
train,-0.6276510999737421,0.911372001527009,4,5
train,0.8855273311760673,-0.6436537945142491,0,0
train,1.6776609204794444,-0.4493424740274748,3,0
train,-0.5416249766407614,-0.20441479805067259,1,6
train,-2.2000139624541464,0.6461855731214391,1,2
train,1.0695942001433758,-0.7080800832642374,3,0
train,-1.7131527450709216,0.041067598353344156,1,2
train,1.6729791769990736,-0.6017142412183265,0,0
train,1.1474770126349099,0.3930357353944667,3,3
train,0.37027244651374613,-0.50309166636274,2,6
train,1.8694191344943827,0.6890219062700937,0,4
train,-0.21107035694403029,1.6709182932957884,4,7
train,-1.301234716614998,0.27371263543457286,1,7
train,17.182056459420046,3.3329895246544816,7,4
train,-1.330037993403432,0.07463295679621283,1,2
train,1.0518814970989872,-1.5420135348563513,2,6
train,-0.4009330417699278,-0.416604332966424,1,6
train,1.8482599448014665,-1.0498362796685925,3,0
train,-0.498649293450362,-0.1263893500356374,1,6
train,-0.3214825949148443,-0.18952787921857764,3,6
train,0.29763979674815694,-0.5550511467873892,3,0
train,2.4356001752683616,-0.3660911471254111,0,0
train,-1.4488530878692207,0.3339850814560812,1,2
train,0.8223612232693842,-0.6933944431724861,3,1
train,0.12891195830326146,-0.6525663183555764,3,0
train,1.442626639114145,-0.6703794850767902,3,0
train,1.1996382719928986,-0.9756954521036192,3,0
train,1.2410656562084033,-0.8387459382152596,3,0
train,0.8339502285820991,-0.26239923011179017,3,6
train,0.30073512646353956,-1.2188191371152162,2,6
train,-0.1375424408439727,-0.4358400415256181,3,2
train,1.4346456608909222,-0.35184618057566036,3,0
train,-0.07322244945589854,0.19562454817882266,4,6
train,3.3452590341118276,0.9317937827142162,0,4
train,-0.9428510558665861,0.5295466987633776,4,5
train,0.06515181691066073,-0.44364319572401456,3,6
train,2.432740857015439,8.63468062518964,5,3
train,-0.2964840877229998,0.2906514810534605,4,5
train,1.9478254511843056,-0.4606913936473646,0,0
train,0.32297915196876875,-0.016361261052763112,3,1
train,0.14696606045835073,0.028042035120912863,3,7
train,-0.26015527260636767,0.16237143725927608,4,7
train,0.7056488226780422,-0.5171576415317973,0,1
train,0.8727089255184524,-0.9233260542575565,3,6
train,1.0625259519318546,-0.923335316740082,3,0
train,-0.44505255634231183,-0.14320673791161964,1,6
train,-1.4060941991199847,0.1346869646115188,1,2
train,0.7548252022447823,-0.02468891068995451,0,0
train,-1.2942231054580953,-0.047772366182198,1,2
train,-0.1789156413626726,-0.2536828223732451,3,6
train,-1.2483944366455826,-0.1332187378877075,1,2
train,-1.534512200292189,0.4766449125186804,1,2
train,0.47589568485661504,-0.2814046375515678,3,0
train,-1.5500732964902517,0.24269885152382686,1,2
train,-1.3154940820934935,0.5580320024818674,1,2
train,0.8924499461299195,-0.05862828530688735,4,6
train,-1.7799611944524762,0.23748041291508576,1,2
train,-0.24685301212224944,-0.43614013395599877,3,6
train,1.4635379186012043,1.6606314572561025,4,3
train,1.0161830441947832,-0.6751776238488835,3,0
train,1.1248045907161643,-0.007802802841510003,3,0
train,0.5598387159307799,-0.41857861610088215,3,0
train,-0.08528859837366107,-0.24938995120860857,3,6
train,0.2024930730061818,-0.48896210867637585,3,6
train,-1.0351473235430928,0.06229901086848223,1,6
train,-1.2807277236768995,-0.08108977243451194,1,2
train,-1.4150082247223166,0.19017032491970556,1,2
train,1.3080329814377079,-0.43797270358527124,3,1
train,0.6146641352357941,-0.5890143958948177,3,1
train,-0.07124442373356686,0.31745311604785903,4,6
train,-0.3111021090528145,-0.3779358850718056,3,2
train,-1.143160888135649,-0.015520968039883726,1,2
train,1.2484245009669468,-1.017064210688463,3,1
train,0.9700750730875052,-0.44388082025868375,0,0
train,-0.4502969300783896,-0.40166893880890775,1,2
train,-0.622073352323794,-0.30261216871495766,1,6
train,0.9067706574057129,-0.7754278974149958,3,0
train,-1.4274419042261988,0.008145350315514143,1,2
train,0.4767631384354065,-0.41214252031400744,0,0
train,-1.6278599764387713,0.4599866877568685,1,2
train,1.0193423408245335,-0.3684300107042813,3,6
train,1.473739401315978,-0.23924338368410566,3,0
train,0.7414924981964102,-0.41659035456151305,3,6
train,0.19910571824594636,-0.5050963618191986,3,6
train,-0.8411334279441967,0.7980454871803225,4,6
train,1.2344112829959182,0.05102846088988685,3,0
train,0.7297963760665097,-0.1718637231173881,3,3
train,-0.03508712057550607,-0.6367536729445896,3,6
train,-0.291243007762677,-0.1620853153374117,3,2
train,-0.24102020650470063,-0.6010363427409758,3,6
train,-0.7013982669091223,-0.06374471482557498,1,7
train,-0.6299081070954874,-0.17900771172596125,1,6
train,-0.8739791249489296,-0.05397680782838639,1,2
train,-1.1052257630444433,0.03873028874366362,1,2
train,-2.2520234490452236,0.44443720527401714,1,2
train,1.2351477773601491,-0.7382567911373377,2,1
train,0.28264321186822267,-0.04409424459003735,3,6
train,0.9478691733421792,0.04762165836728317,3,6
train,0.9243998988631291,-0.6852044578660551,0,0
train,-1.3682602752348063,0.3895479675365216,1,2
train,0.22673446321170274,-0.9733981816467823,3,6
train,-0.029821778984728473,-0.3137157826293231,3,6
train,-1.011918715308719,-0.23279801802289846,1,2
train,0.3832880016326996,-0.683108610837411,2,1
train,0.9449538854434752,0.20487038816397948,4,0
train,0.9716519452269307,-0.9287908869289017,3,6
train,1.1268318947413718,-0.4887975397016255,0,0
train,0.7328485719447136,-0.39468099610874463,0,1
train,-0.16016510311531856,-0.4926616608919667,3,6
train,1.5498528545276462,-0.9150354937898049,3,0
train,-0.32700373089179136,-0.344901719366848,1,6
train,0.6794337988069513,-0.43499775754416714,3,1
train,-1.444615695546592,-0.02864653627823116,1,2
train,0.8020750811042106,-0.6984585076205898,3,0
train,-0.5953203135206544,0.548845607012677,4,5
train,-2.125846663527827,0.6656435691404211,1,7
train,-1.622028810478569,0.1026000246222288,1,2
train,-0.252208660096419,0.015614764876819306,4,7
train,-1.4658868607588782,0.07682107018819086,1,2
train,-1.9834141260540845,0.3459925252962838,1,2
train,0.21744720674923476,-0.9080482937020598,3,6
train,-0.7672962334375283,-0.2488696930048423,1,1
train,-1.7861739041739253,0.16219389357902192,1,2
train,-0.29189175624858416,-0.4181693182095814,3,7
train,0.8042204297857716,-0.29503730892365787,3,0
train,-0.79048425053839,1.1003122945002834,4,7
train,-1.451316464368042,0.2917682510183913,1,2
train,0.42940139256993126,-0.3639926634253065,3,6
train,0.21873909315103665,-1.3502420205798507,2,6
train,1.3881613483212132,0.42299332129532363,4,0
train,0.7146116364369771,-0.9116802307251322,0,0
train,-0.0476590069559408,-0.3336756428803154,3,2
train,1.6553412662525,-0.4102890466659084,2,6
train,0.8259358859170752,-1.0582613113826869,3,1
train,-0.3261935586525534,0.34963863367500914,4,7
train,2.65561177512216,-0.3858253667625097,3,4
train,1.1330905713368264,-0.8434726477937177,3,0
train,-1.1985124618756477,0.648439987435324,4,5
train,0.4718343843649136,-1.0440905085605379,3,1
train,0.9108088373237212,-0.9740242687056259,3,0
train,-0.012466225720124968,1.194944786928187,4,5
train,-0.793950531984599,1.9877049530572968,4,5
train,-0.6527727184473402,-0.17227603448919665,1,2
train,1.667142479921891,-0.5404000284819894,3,0
train,-0.8783273057289746,0.012720343955052326,1,6
train,2.0444739453640737,-0.04685419191312099,3,0
train,0.036163832008350986,0.0852235275800087,4,6
train,0.6406102278886951,-0.5005816122601054,3,6
train,-2.290170521255297,0.8599471523451894,1,2
train,-2.3975866203080964,0.5640868487419676,1,2
train,0.8264729495424695,-0.5793097813044642,3,6
train,-1.5233480558925645,0.3097702669506983,1,2
train,-1.97992865853626,0.189540882949326,1,2
train,-1.2016392761429902,-0.13170918072324106,1,2
train,0.3723660060639326,-0.5606982135274658,0,0
train,-1.4664238507230287,0.0031916757594771385,1,2
train,-0.2714872846611213,-0.5433794638787959,3,7
train,0.7827535287193902,-0.320586709378138,3,0
train,0.14944824176897561,-0.6127744134532844,3,6
train,5.972484394749905,-0.47555488227890924,0,4
train,0.35873847579697304,-0.36097476516542004,0,0
train,-0.46726291439241363,0.7272356833228636,4,6
train,0.8167021891950572,-0.4589220495161181,3,1
train,0.38709956905432674,1.3696694103926894,4,3
train,0.626518019160827,-0.4998102165295324,3,6
train,0.06936415747332393,-0.26714229347761054,3,6
train,0.11173516128917438,-0.5385737327042012,3,6
train,1.30402485015905,-1.0605550435936941,2,1
train,0.48790314390539036,-0.8459571972234676,2,1
train,2.793434959375719,-0.9212483137152537,3,4
train,-1.1771555753684664,0.20074667909131041,1,2
train,2.475073930520189,0.05845238028231374,3,4
train,0.5558233804180069,-0.6179706073151365,3,6
train,-0.38951595751411666,0.055590653582734,1,6
train,-1.0577808230600714,-0.03494971642458468,1,2
train,2.9135672597095574,0.4898756918419082,0,4
train,0.9003087129871253,-0.4359191202508304,3,0
train,-0.17368982365391,1.0429221946161713,4,7
train,2.1240636535198925,-0.530243393284803,3,0
train,0.25798194507903727,0.07409218778234998,0,0
train,0.31290734341877013,1.1518027499244772,4,7
train,-1.5491233045779325,0.008882395366874449,1,2
train,-0.22561829857744428,2.4682050135809197,4,7
train,0.12365811634732911,-0.21308065580685703,3,6
train,1.4441549125395132,-0.004208329090162682,3,3
train,0.5739152301724912,-0.7490806706201611,3,6
train,-2.3019179583545046,0.7445559499165387,1,2
train,2.1805635675901196,-0.2449214501645328,0,0
train,-1.614248722329707,0.6177229954010599,1,2
train,0.9349857856071306,0.1704794228428526,3,1
train,1.7000591517134302,0.2637618288081228,0,0
train,-0.8274775524000334,0.8175387077552448,4,5
train,-0.1582567790390055,0.09058694335482496,3,6
train,-0.7496440806795867,-0.08236132266937693,1,6
train,1.2499719202403865,-0.6931930619075074,2,1
train,0.33882734014176996,-0.6527544663199075,3,6
train,1.7256304176666093,-0.013376380622644856,0,0
train,-2.3246235734947134,0.7296193725787775,1,7
train,-0.6290133692090301,-0.29547814865036365,1,6
train,-0.6373372974637413,0.11578676130606326,1,6
train,-1.1445320572682391,0.3683038490420244,1,6
train,0.540825539325947,-0.5898803076617873,3,6
train,-0.7635521803226936,0.746520091186993,4,5
train,-2.234497917862632,0.3502661006866852,1,2
train,0.5259611489016343,-0.136927514298982,3,0
train,1.3872662069683284,0.2430449639544345,3,3
train,-0.15566373722205454,0.6460047160994862,4,5
train,-1.1654854560376582,-0.11432308262406633,1,2
train,-0.9148686978886937,0.8797184474625294,4,7
train,0.4595838748469355,-1.078953360024866,3,6
train,0.7631428114578521,-0.4958845066598837,3,6
train,0.3123270005812314,-0.18280474222375442,3,7
train,0.1205043722128845,-0.28061245785338607,3,6
train,-0.32382976354269183,-0.18732095630958154,3,2
train,0.9140570839704281,-0.25871983379249697,4,0
train,-0.5575142190384008,-0.39748755998202556,1,2
train,2.615135908373174,-0.3085123858750916,0,0
train,-0.15047552995269656,-0.2746244865599981,3,6
train,-1.9884294374285225,0.30271614155552623,1,2
train,-0.9017659998117069,0.7938250701470425,4,5
train,-1.8250342450345145,0.7512703258186244,1,2
train,1.1930355552132992,0.22363359470356178,3,4
train,-2.1176017687075017,0.41379037079312697,1,2
train,3.1268770252833185,-0.18412091100796069,0,4
train,-1.4543443741375897,0.04474155935374162,1,2
train,0.3864653455947286,-1.1444790824970674,3,1
train,3.245646518290294,-0.1578111452171253,3,4
train,-1.090806086661087,-0.04457652769445704,1,2
train,0.5935251257984931,-0.7705305096102153,0,1
train,-2.0208378323673406,0.3615535691656463,1,2
train,0.07961673492801556,-0.2832572552019146,2,6
train,-0.6507846668681636,-0.38726526310783155,1,2
train,1.0070129348403076,-0.7627897493728374,3,0
train,-1.4627657778639123,-0.013313983167073065,1,2
train,0.33741823387620873,0.0328220773616051,3,7
train,-0.5464397497639465,-0.14509206198621372,1,6
train,0.6626703716673117,-0.39052660667135297,3,1
train,-0.8802680916513129,-0.023845286271002256,1,7
train,1.0281257273585138,-0.8282802858462022,3,0
train,-0.7154028316805511,0.5352322392650833,1,6
train,0.24232811066808208,0.3536335702385654,4,6
train,-1.4042999139855659,0.21758070320449563,1,2
train,0.052360505843818114,-0.46630209203845596,3,6
train,-1.7003089325466998,1.105017563617651,4,5
train,-0.24329780627954745,-0.47306888684672976,3,6
train,-0.18994747186846897,-0.44355357977840565,0,1
train,0.9395976227537814,-0.4753448616191615,0,0
train,0.579395594714171,-0.596452650460843,0,0
train,-1.5398223780678844,0.1468959068258306,1,2
train,-1.7185165554857964,0.16124705424347643,1,2
train,-0.7080019276301723,0.20997613915755012,4,7
train,-1.5326918512590872,0.08778630687996357,1,2
train,0.810140654255095,-0.16532631632971798,4,6
train,-0.28208692613125097,-0.5410395713330636,3,6
train,1.2114087957990252,-0.16799249313264347,4,6
train,0.08185206631598162,0.4389670850523959,4,6
train,-1.2702917763927526,0.030477150921560767,1,2
train,-0.18585612355973954,1.1548587252353804,4,5
train,1.1127388453867655,-0.5587411148416888,0,1
train,-1.488390861847316,0.4201363816026328,1,2
train,1.3221842459395192,-1.9076235638639334,2,6
train,0.6097047719662864,-0.193139744831146,3,6
train,0.4464215064034217,-1.3224682046865441,2,6
train,-0.8465099720561202,-0.22469275777071174,1,6
train,0.23514854194776147,0.8528977567137057,4,7
train,-0.26282464390446025,-0.27011582525130023,3,6
train,-1.4565565809167214,-0.06656823195934293,1,2
train,-1.8962192167082645,0.25284422507853554,1,2
train,-0.8693470533283071,0.7431301923244807,4,5
train,-1.4210843073580832,0.5513817592784359,1,2
train,0.022263842270738524,-0.6593453380782996,3,0
train,-1.3449735425827753,0.3486874281496155,1,2
train,0.25590526347742837,-0.4880704126100592,3,6
train,1.167157000759412,-0.24706530692555503,3,0
train,-0.0066223204878707,1.078005494208896,4,3
train,-1.9866193641544947,0.5503645525501079,1,2
train,1.9768499868241676,-0.8972445941273941,3,0
train,0.6310011594117402,-0.16612363508338684,3,1
train,0.6122406219677647,-0.8579454031234989,3,0
train,-0.24641223421110017,0.04780507302962272,3,6
train,0.2707251187309166,-0.3446922219782175,3,6
train,0.7072235491435966,-0.27976025613358424,3,6
train,-0.7330290103084528,-0.18969000137380046,1,6
train,0.4182076166401513,-0.8592076595647042,0,1
train,-2.049449437683713,0.27677693647905105,1,2
train,0.35050760883690524,-0.5376419908085301,3,6
train,0.5609585290956488,-0.25330828562495095,3,6
train,-0.21137401762195104,0.08744123884489892,4,6
train,0.7690606673462939,-0.6787835550149766,3,1
train,0.7881618213828729,-0.9012212623611975,3,0
train,0.1875599242750355,-0.2345866125813888,3,6
train,0.8722560913472012,-0.8706846271842205,3,1
train,0.6509082679660465,-0.38331957947723616,3,6
train,0.676886378748704,0.21090862329113327,4,0
train,-0.16230080184671317,0.8352814812383231,4,7
train,-2.371334992824506,0.5395368058268003,1,2
train,3.412401140221377,-0.4805007996709312,3,4
train,-0.46756182939647173,0.07212971372247891,1,6
train,1.1407827947673324,-0.6814320923704177,3,0
train,0.12067728642538483,2.1419101866906924,4,5
train,-0.28336662278678826,-0.40742755007864856,3,6
train,0.09089895504846114,0.5321501496680029,4,6
train,2.3516861543800576,0.7405064312154527,0,4
train,0.03234037807083003,-0.7138727976187704,3,0
train,-0.18432920008234988,-0.5046144163198072,3,2
train,1.0042823880663014,-0.27973875622633926,3,0
train,0.16163796979916167,0.17105959205643956,4,6
train,0.8036230705461105,-0.17552722377373586,3,6
train,0.3913975233415973,-0.8521568739681469,3,0
train,-0.5508558492614615,-0.19110316467568875,1,7
train,0.5440858249433675,-0.3470979809878092,3,6
train,1.5028744844832311,-0.07967489902838644,0,0
train,-0.32231679542061703,0.1003729971893743,4,7
train,0.04488734569716933,-0.8405026287600806,2,6
train,0.5561405092553456,-0.21208684301075673,0,0
train,-0.2097851714856489,-0.20972792967992482,3,7
train,-1.228893701465148,0.4816778504255188,1,2
train,0.771263550312285,-0.22314478403129415,3,6
train,0.629866702410432,-0.15909994722401263,4,6
train,-0.43096435915108877,-0.45527013138740957,3,6
train,-1.8124086012978058,0.20799856499237643,1,2
train,0.8024833506373296,0.15257956219653687,3,3
train,-1.4476273108183313,0.44740568180005114,1,2
train,-1.3694284074945384,0.22959264266857488,1,2
train,1.5326567795502122,0.32323190327223744,0,1
train,0.9974069975038129,-0.35436155575382894,0,0
train,-0.6879075661631026,-0.01962630594276724,1,6
train,1.2624288427168893,0.0854940702582798,3,4
train,-0.4547462142994936,-0.3974399138729532,3,2
train,1.1984966603800167,-0.2272027589801597,3,0
train,-1.8796429977684457,0.4808632246381588,1,2
train,1.9801282378014193,0.9439424468248663,4,4
train,-1.4735790295755806,0.24291574688143522,1,2
train,-1.5540473055148916,0.7031314647976764,1,2
train,-0.19046941102438691,-0.15549140309496928,1,6
train,-1.2530452001574668,-0.19153594632411364,1,2
train,0.356440620627142,-0.21419970489607496,3,6
train,-0.15943909616359742,-0.2491480722530214,3,2
train,0.051900375512178284,-0.5372575647283218,3,2
train,0.9782003006266664,-0.840072638335665,0,0
train,-0.9931142250802326,1.753135090257575,4,7
train,-1.2536064659710355,0.2262540966036247,1,7
train,-0.8853155803518975,0.14133108850911777,4,7
train,-0.7629234080785467,0.14597422732047302,1,7
train,0.15550260010579603,-0.7954875610240629,3,6
train,0.3153016440543288,-0.9750431836564646,3,1
train,-0.07624514235789624,-0.4981436995541932,3,7
train,-1.1881667817356525,0.11718422757477796,1,2
train,0.28721980797270596,-0.8269152984898106,3,6
train,-1.3873961266612267,0.007483137085986344,1,6
train,1.3454750453759192,-0.7139960607332217,3,0
train,-1.0017845119762483,-0.1096894757001748,1,2
train,0.9229758406310168,-0.9229061284877963,3,0
train,-0.3148235725036799,0.21369818409213528,4,7
train,-0.26947950585210473,-0.12430410909758303,4,7
train,-0.15518842395503535,-0.22339335114152203,3,6
train,-1.9618798426960702,0.3301127533948812,1,2
train,-0.22941070316521367,-0.18952172383084037,2,6
train,0.43810391710953506,-0.14697042475711558,0,0
train,-1.774242809528518,0.2318533389379542,1,6
train,0.5385398559930358,-0.42769525615114384,3,6
train,-1.5122030535825015,0.07426618386804949,1,2
train,1.632285565275112,-0.6446204240908608,3,0
train,-0.2498048098141084,0.32971628116729446,4,7
train,-0.359312224411212,0.43182639155777536,4,5
train,-1.0610176398537123,0.55539727704979,4,7
train,0.24728334302029042,-1.2929215264388645,2,6
train,-1.201056486795411,0.0077096941162627525,1,7
train,-0.7641467703975793,0.779182448941422,4,7
train,-1.460346304882304,0.10495513390892232,1,2
train,0.5619632417306907,-0.8018181750388449,3,6
train,0.373319750476975,-0.7862544153990215,3,0
train,0.13267284470253415,-0.484202877729585,3,6
train,0.7548751555016152,-0.5351120467026194,0,0
train,0.8912591999530456,-0.9515254699469636,3,1
train,-0.4863900794792045,0.09008249228081504,1,6
train,-1.4013754174131559,0.44902560497102906,1,2
train,0.4778159056588276,1.0392651352737143,4,3
train,-1.484679568666754,0.12363829938116026,1,2
train,0.619363937606044,0.31686421365367246,4,7
train,-1.7712176472050076,0.39520072470722145,1,2
train,-0.7746889312293238,0.2300214792176024,1,6
train,2.2563887569258454,0.40512924529170596,3,4
train,-0.8818367757365965,0.927409843079317,4,3
train,-1.6919851831699053,1.102069924594848,4,5
train,-0.5696314288400554,0.00817571403630627,1,7
train,7.634254748125245,3.16082923998481,7,4
train,0.33693052617638974,-0.030008282694445443,3,6
train,0.9635515816858973,-0.255973102897405,0,1
train,0.241989369248055,-0.041664053294192184,3,6
train,-1.0874858652864219,0.04110475270768037,1,2
train,1.2107226242820406,-0.015945648341347856,0,0
train,-2.1524894742968783,0.4689586977559244,1,2
train,-1.2889350478408363,-0.22878451046364212,1,2
train,0.3189098254589177,-0.35452208592136447,3,1
train,-1.5536081752155275,0.22264193701646634,1,2
train,0.34931530983427467,8.028251773057346e-05,3,7
train,-0.2758999286610078,0.874490249863589,4,5
train,-0.765161400382649,-0.3261666220198348,1,2
train,1.00365332769419,-0.446284395690735,0,1
train,0.4711155228350071,-0.4602468139630466,3,6
train,-1.515394674104524,0.37974034234663684,1,2
train,-1.3864016114649074,0.5209318388057734,1,2
train,0.078010658475956,-0.8232670978089097,3,6
train,-0.18934667647193873,-0.2499517544453711,3,6
train,0.3664425248107345,1.0982653520921257,4,1
train,-0.7128554897347856,0.7936872432342527,4,6
train,2.4832214564631374,-0.6392454967761861,0,0
train,-0.7762732777194318,-0.20305264276582077,1,2
train,0.05401338182999989,-0.5536850788725252,0,0
train,0.07035520233343132,-0.5566759198981943,3,0
train,-1.9624958091660696,0.25115208815720036,1,2
train,0.07283699391476652,-0.07318203034258114,0,1
train,-1.8263294419487495,0.47339523644916903,1,2
train,-0.9529807457792259,-0.26799683245523076,1,2
train,-0.6990422454135704,-0.306293480422721,1,2
train,0.3739106038194467,0.5119450255364317,4,6
train,-0.38411335961406823,0.04314043983288393,4,7
train,2.093929989946907,0.5044894560026056,3,4
train,-0.9843817277189311,0.33739721187519633,4,7
train,-1.5694053643814774,2.59665457462494,5,7
train,-0.6239357156230231,-0.24671727050837428,1,2
train,-0.47579006319455536,-0.7784270656114648,2,6
train,-2.3607763427262523,0.5890104147118939,1,2
train,1.10196172075852,-0.8313877627662812,3,0
train,1.7632729151412647,-0.5514661547466441,0,0
train,-1.7495527989517514,0.27771601165076737,1,2
train,-0.8165233862980675,-0.007589763454730952,1,6
train,-0.3312764528300568,-0.3758799621225471,3,2
train,2.253752105585186,-0.7630673402219744,3,0
train,0.3761989734176233,-0.3204103143934399,3,6
train,1.6929207875854981,-0.4054714957549296,3,0
train,0.5227785564343158,-0.9162425860147947,3,0
train,0.43751914872265124,-0.2797048626461811,3,7
train,-2.1352196732984687,0.30938519770352996,1,2
train,-1.4135440151688508,0.15795720113250244,1,2
train,0.2995701846272027,-0.5039799696212885,3,1
train,-0.8202517686033705,-0.237963667141004,1,6
train,-1.38846681192263,1.518628341146464,4,7
train,-0.20471743772294895,-0.49601340429141855,3,6
train,-0.2007550826267042,0.5533598361244926,4,7
train,-1.4528893367091715,0.07750887920810913,1,2
train,0.40740612870194737,-0.37481646768625065,3,7
train,-0.010205595185289575,-0.22520977290567315,3,6
train,0.42774843706017773,-0.699103985979017,3,6
train,1.100903852577563,-0.8140298605906201,3,0
train,-1.56118690143896,1.4534304851160675,4,5
train,-0.7761364589301343,0.960656282503443,4,5
train,-2.1972672777565907,0.46377498987194127,1,2
train,-1.2799067584344124,-0.009378986016919513,1,2
train,-1.0094312521867115,-0.004322640305785844,1,2
train,-0.2081347699284198,0.4469049666759283,4,5
train,0.25782651947513324,-0.2325913543603424,3,6
train,-2.1601343446121404,0.5896074867529514,1,2
train,-0.30719515881365134,0.7383539691882499,4,5
train,0.5125775632232681,-0.506010893189909,3,6
train,-0.6748169215156256,0.8224032806981159,1,3
train,0.6795009471425211,-0.5519256896894417,3,6
train,0.5950927627756165,-0.013668819825808165,3,1
train,-1.3551009169434025,0.9406714963146197,1,2
train,0.24256113825847164,-0.5752699395752369,3,6
train,-1.4122214096736276,0.0764033856270294,1,7
train,-1.505088944454558,0.04314655651385406,1,2
train,1.2744419743401991,-0.8066867817363483,3,0
train,1.323364235140066,-0.9526169544547454,3,0
train,-1.1352041523085772,-0.11327065076251415,1,2
train,-1.4885827571583092,0.14647462834146496,1,2
train,-0.04453284592603536,-0.5732491340139568,3,6
train,-1.1293395368714914,0.32578919059605216,1,7
train,0.9504956986408576,-0.7363045223685726,3,1
train,-1.570457662496755,0.07206983616896921,1,2
train,0.9805031627861629,-0.922276654894376,0,0
train,-2.2429224727456547,0.4320955817909034,1,2
train,-1.0437552688407845,0.6378848808443528,4,5
train,0.18977301161050017,-0.6605849773610581,3,6
train,-0.00524064896153106,-0.6059633166734023,3,6
train,-0.11867590514633053,-0.6521623686852988,3,6
train,3.817154197113519,-0.99351574651331,0,4
train,-0.16378545194844307,-0.570496690771516,3,2
train,0.5074367703100664,-0.12732165241514998,3,6
train,-1.3774037058493698,0.5791060721002297,1,2
train,1.4230798522559371,-0.3096820139338813,0,0
train,0.33744959808742037,-0.5336823833744871,3,6
train,-0.7173338706463002,0.7820913642869822,4,7
train,-1.538208922697331,0.39835194823128595,1,2
train,-0.9797433453857489,-0.08718486972034713,1,2
train,-1.8097181756494831,0.11911761364603489,1,2
train,1.1282450250005416,0.14994014077649995,3,6
train,-1.5323759676574458,0.2019564812128996,1,2
train,-0.7040791379487156,0.21571134448530893,1,3
train,-1.3157639967443326,0.22878252142311906,1,2
train,-0.16865453952728793,0.20582403126803958,4,7
train,-1.7840925214326318,0.3199027923419764,1,2
train,1.203497162621068,-0.6749139619120051,3,0
train,1.5064450790410817,-1.6998482406420166,2,1
train,1.669004852397871,-0.00931469199546834,2,1
train,1.1852293679580364,-0.1866486704535866,3,0
train,-2.0808169626578383,0.4058992638628909,1,2
train,1.051052354060489,-0.4947725010917982,3,0
train,1.084053145595243,-0.5667653379963615,3,0
train,-1.4774588225761909,1.1208873283623142,1,7
train,1.5625159115043632,0.020215180057396753,3,0
train,-0.9450172714324754,1.0649977872856258,4,5
train,1.507697094170964,-0.791934024026339,0,0
train,1.0643522678668442,-0.4331063252953873,0,1
train,0.8264614800420588,-0.8057528676625348,3,1
train,-0.8942865194376193,1.324223018831299,4,5
train,-1.028982016799203,-0.10898121501239529,1,2
train,1.0768945129253498,-0.8376779127713371,3,0
train,-0.6184819553264052,-0.32725466290332067,1,2
train,2.15802377753208,-0.5227440792256994,3,0
train,-1.0086403643499826,0.019712631709478665,1,2
train,-1.1341324939802742,-0.1137259265234435,1,2
train,-1.0237744881422612,0.12053136731152621,1,2
train,0.6676023838411754,-1.2276982757170778,2,1
train,0.5983615637951847,0.05744006927886816,4,7
train,2.350908264736655,-0.18884159691200475,3,4
train,1.1676335443864672,-0.21258553074654102,3,0
train,0.9439491120046105,-0.23809917836899344,3,6
train,-0.24031070143357425,-0.49210565754238494,3,6
train,-1.5933731357051086,0.55903681857137,1,7
train,1.5379953156579613,-0.18132261621128892,3,0
train,2.8303479356247574,-0.875031365504143,0,4
train,-0.1572828321844191,-0.6741679658581108,3,6
train,-1.3294553812228076,0.28722503093099144,1,2
train,-1.9160122241029307,0.25788491588597084,1,2
train,-0.7823808213976493,-0.2898120534980647,1,2
train,-2.2489971308576497,0.3968378291455778,1,2
train,-2.1625454840813467,0.47326173848759645,1,2
train,0.2964092494472163,-0.49675494724298164,3,6
train,-2.293394606965511,0.7371125720639653,1,2
train,-0.39682884526483264,-0.46418341607555824,3,2
train,0.3393835825037206,-0.8346636123505152,3,6
train,-0.13000910533844293,-1.145134712382603,2,6
train,0.3580511001623697,-0.9680620003970414,3,6
train,-1.4052999124561067,0.13185735018923694,1,2
train,2.4105229169363818,-0.4119050478776978,3,0
train,0.0009182174011386524,-0.3249527681330866,3,6
train,-0.4992259856786007,-0.3585189480077412,1,6
train,-1.4428956578383136,0.13051913323488032,1,2
train,0.7086959746233971,-1.0657238329000474,3,0
train,-0.22145240962413287,-0.13988459360027122,3,6
train,-1.2612618413269876,-0.09094203902560945,1,2
train,0.20137580313220166,-1.1060718673087084,2,6
train,0.10542216375486459,-0.8597735913133154,3,6
train,-0.8497889575436759,2.1002972791009604,5,7
train,-0.80804368725905,-0.2985282966039105,1,6
train,0.4931874046338546,-0.575028469881015,3,6
train,-1.6839336685529336,0.20765955769212158,1,2
train,-0.913680200054624,0.5737773673631048,4,5
train,-0.8048953309970116,0.5057317814804984,4,6
train,0.009330733698966646,-0.2684434202933096,3,6
train,0.9037652654014757,-1.2675883196476336,2,6
train,1.1879251148980754,-0.8420517285646936,0,0
train,1.4772555108159706,-0.5343839510461034,3,0
train,-1.3742173055023363,0.19988510318952027,1,2
train,0.7845793739848045,-0.9491502537166014,3,1
train,0.7255101790144282,-1.268641416104138,3,0
train,-1.360060775295323,0.3029765287466053,1,2
train,-1.8395380237649754,1.1993670647790071,1,7
train,-0.704532434656366,1.6291946897679412,4,5
train,-1.361250464463527,1.273751503878834,4,5
train,-1.3330124832360981,0.3958475179267454,1,2
train,0.8439394154437327,-1.1445976593538505,3,0
train,-0.41463223447970965,-0.4934099083770167,3,6
train,1.5874696667165742,-0.1635235938256975,3,0
train,-1.3811360404779167,0.4242720666571816,1,2
train,1.8607318326304605,0.7118338779191667,4,3
train,-1.4892379501114623,0.3423568819021919,1,2
train,0.3599881180116476,-0.9079651378887967,3,6
train,0.4466427254641753,-0.8505528727280647,0,0
train,-0.35283548727368874,0.2884012308642609,4,5
train,-1.7762289695586833,0.5495128342830248,1,2
train,0.9919683486737974,-0.5025097503635684,3,6
train,-0.5422013458178153,0.04848240373343207,1,7
train,0.01708722844334615,-0.771819916119728,3,0
train,0.06727845755534706,-0.6413342309639074,3,0
train,1.3776023845191774,-0.3137982745581851,2,6
train,0.16526218899614578,0.7974530581819411,4,6
train,-1.4898412184940653,0.008615508966581462,1,2
train,-2.1878718280393117,0.6955270223540162,1,7
train,-0.1297044970316382,-0.2745152163784667,3,6
train,-1.8447540431903438,0.5051990008738652,1,2
train,-1.194405053916727,1.0384181509987485,4,5
train,-1.4022911204036683,0.8241278667873942,1,7
train,1.091275510427577,0.08479055771534515,4,1
train,2.303737057981052,-0.35653167690045107,0,4
train,-1.7680501984912083,0.36630190910518023,1,2
train,-0.7331993409945884,1.0098914191760906,4,5
train,-0.3248773105064978,0.20735756670251773,4,7
train,0.49594070933163215,-0.01611215492548771,0,0
train,-1.435874116925815,1.2115075805529647,4,5
validation,-0.3387596072439503,-0.0783372393583065,3,1
validation,-0.053169038629524504,-0.24079097966184054,3,6
validation,-0.22929031569009786,2.1383823345779898,4,5
validation,0.037733712141282294,0.23123357687206644,3,3
validation,1.5002118882984363,-0.5638707189478201,3,1
validation,2.262759188674218,-0.8678337088600138,3,0
validation,-0.6574676873834105,0.6740703039981738,4,5
validation,1.840878220186075,-0.058294251493073164,3,4
validation,0.9124155113835793,-0.18546035674078448,2,1
validation,0.8288735625942473,-0.6773293498245578,2,1
validation,0.3769058478128135,0.2998396164130885,0,4
validation,0.006063644566482993,-0.4078656966339068,3,0
validation,0.2744135103799994,1.225044681546581,3,3
validation,0.2953913255511162,-0.5178633023306547,3,6
validation,-0.18069214440636483,-0.6454435178179347,3,2
validation,0.7542004810264856,-0.9267244641883748,3,1
validation,1.2174223283201253,-0.6164441960732738,3,0
validation,1.015887776550503,0.0628885434658548,3,6
validation,-0.10349035615927736,-0.5923869459847562,3,2
validation,-0.6260194858019967,-0.39731349347136513,1,6
validation,-0.257795376305242,-0.4075327975868362,3,2
validation,-0.11831362737612386,0.23965292098268082,4,6
validation,0.16891458550360738,0.19972799288979634,4,6
validation,-1.8214182272118062,2.8278298857985034,5,7
validation,-0.0417808417825067,3.1546097386846155,4,5
validation,0.937435789728082,-0.7321105419601367,0,0
validation,0.2252285771314831,-0.7310269748639184,3,6
validation,0.7140643863423851,-0.5900453568563836,3,1
validation,1.5241361029240958,-0.04925188457891837,3,0
validation,-1.3130196625180064,0.027309965687287927,1,6
validation,1.8927428150042276,-0.1971122843098584,0,4
validation,0.33183127978330207,0.36897198064533615,4,6
validation,-0.2326185289784015,0.5084757820658337,4,5
validation,0.863071329254626,-0.6035383176942036,3,1
validation,1.0923345553560313,-1.5174490767304267,2,1
validation,-0.16397957118979867,-0.6250448408953353,3,2
validation,1.2922034215309286,-0.8675880522785612,0,0
validation,0.8698060694310313,-0.6926376976207994,3,0
validation,0.06569990680438598,-0.4903326199255408,3,6
validation,1.57423821540175,-0.46374912851593425,3,0
validation,1.5438529729415813,-0.37924102629777934,3,0
validation,-1.322545150888103,0.27687402262567895,1,2
validation,1.0976005275476806,-0.8589342857687908,3,0
validation,1.9895310701394577,-0.6310894379048905,3,0
validation,-1.3411978433430096,0.08970672329503458,1,2
validation,0.886292190667664,-0.8150594349899264,0,1
validation,0.3953016679147583,-0.625382286333612,3,6
validation,-1.682235621175971,0.3522356628083904,1,2
validation,-0.806599418475749,0.8504192715162557,4,7
validation,0.9949681047223373,0.26210578062571976,3,6
validation,0.1064687966144033,0.19110528001190738,3,7
validation,-0.7087147040351732,0.7748915425854621,4,5
validation,0.7019003047608734,0.6242714397676672,4,1
validation,1.7395757107375371,-0.6161004136315504,0,0
validation,-1.441918663317361,0.3315958602691675,1,2
validation,0.5629827272470042,0.6266228180329481,4,6
validation,0.29801094666399336,-0.709432361719389,3,6
validation,1.0212869580077628,-1.4001598918236386,2,1
validation,1.4896291019276933,-0.775724880499625,3,0
validation,1.0094262559657907,-0.613772797128892,3,6
validation,-2.3634619751254924,0.6359119578855519,1,2
validation,0.9496174826650963,-0.799424632676307,0,0
validation,-1.6431129211845337,0.4802551442574038,1,2
validation,-1.607687654418521,0.07609437199747655,1,2
validation,-0.597744759368939,-0.26078933460337467,1,2
validation,-0.7013591019977358,-0.4999835063752017,1,2
validation,-0.1132155176231626,0.5081303134616013,4,6
validation,0.93715236913987,-0.3835586957572452,3,6
validation,-0.9616387631398102,0.9765919771262485,4,5
validation,1.3719768516746724,-0.1438863367421113,3,0
validation,1.4733857993402182,-0.661302685774288,0,0
validation,-0.6821642165579177,-0.2559734753915294,1,2
validation,-2.2565821384158786,0.5439897505853679,1,2
validation,0.716615452435483,0.0874317323093139,3,1
validation,1.5413262043776095,-1.0173442957493564,2,6
validation,-0.3245743039109368,2.523973552769055,4,3
validation,0.38819168143563604,-0.9005975752737576,3,0
validation,1.008547905923253,-0.3852160474217328,0,1
validation,-1.6970181590678857,0.2548270110258492,1,2
validation,1.2238379055584427,-0.04254630369388767,3,0
validation,-1.3167081185979237,0.37551433802713285,1,2
validation,1.3238792625930005,-0.5739071271551811,0,1
validation,1.1675040467127142,-0.5174593352970812,0,0
validation,0.17006578655151458,-0.6535188620725999,3,6
validation,1.3262582166210977,-0.9022503859793372,3,0
validation,-1.5493110543971518,0.4254432655254824,1,7
validation,-0.426122425831476,-0.4508104793719131,1,6
validation,-0.2658448397586316,0.7300860457882424,4,5
validation,0.10713722279495644,-0.19553766653368276,3,6
validation,-0.3831207912061092,-0.10374993585616614,4,7
validation,-1.3613903150634112,0.0802197807893746,1,2
validation,-1.4827428731528722,-0.01189780579539114,1,2
validation,0.8798582194468314,-0.7980942460998842,0,0
validation,1.2058398811364495,-1.7635419358175035,2,1
validation,0.0955823752820997,-0.6441330370996501,3,0
validation,-0.1754782799582642,-0.444467599778622,3,6
validation,-0.42787735229471513,2.0976723000286976,4,5
validation,0.4929156364192818,-0.8007547515283289,3,6
validation,-1.4375622255647533,0.03168272815190325,1,2
validation,1.5123605795854522,-0.5859943017815971,3,0
validation,1.9123008061250184,-0.3170637380753168,0,0
validation,1.0066501609964333,-0.45890132343101653,3,6
validation,-0.7572631235411373,-0.26609864257944776,1,6
validation,-1.071339301195756,-0.11713785442609216,1,2
validation,1.0900922619792845,-0.3899279609467831,0,0
validation,-0.1668419921523136,0.5344994776766964,4,7
validation,-0.2600768203816496,0.5747213030938527,4,5
validation,-0.3756152150797442,-0.032634054746443354,1,6
validation,0.8378242266458397,-0.9455940038344067,3,0
validation,-0.12985362076953982,-0.5143044902990761,3,2
validation,0.4637151864429878,-0.8713079433611357,0,0
validation,-1.3818103683372573,0.32378241906809024,1,2
validation,0.5194991802602366,1.4710795784985924,4,3
validation,1.5814452562666326,-0.6991904046687248,3,0
validation,0.756091208846789,-0.43802653746091536,3,0
validation,0.295029591206029,-1.001353497899844,2,6
validation,0.4061457359342714,0.9054328064780854,3,3
validation,1.2217180220636559,-0.6244375539151993,3,4
validation,0.5237316641375573,-0.018779703206399104,4,6
validation,-1.2259151601509568,-0.13045791987847208,1,2
validation,-2.2967298092602157,1.4366169062868688,1,7
validation,-2.0795189888526133,0.31750566218323834,1,2
validation,-0.8747281110694377,0.014403451055649483,1,2
validation,0.16278652042088337,1.2670303687911015,4,7
validation,-1.0856655716542025,0.40689893952737816,4,7
validation,-0.05189131131099542,-0.5777423332695767,3,2
validation,0.41641563186817404,-0.6053727290722207,3,6
validation,-0.7472819112986232,-0.1759809626838079,1,2
validation,-2.2855758302153633,0.8204470913574112,1,2
validation,1.7512660777090725,-0.24726612237749482,0,0
validation,-1.6084306237844725,0.04391996409323233,1,2
validation,-1.5494040365017565,0.048947211790057274,1,2
validation,0.9205075364022677,0.47911259514750665,4,3
validation,1.662685326962162,-0.779167684337765,0,0
validation,-0.06280382290639963,-0.5702236611712312,3,6
validation,-0.32796859494555386,-0.011617851355385284,4,7
validation,-1.894065305975985,0.2339607069533346,1,2
validation,1.2251553073565415,0.19049951939629767,4,3
validation,-0.5222058514309639,-0.1109807917128054,1,6
validation,-1.4251691547862435,0.17738659706841048,1,2
validation,0.9385319271039757,-0.6493187676896127,2,1
validation,-1.0168740000618501,0.5004207565873404,1,2
validation,1.6729385928628788,0.04365594603320738,2,1
validation,-2.1025070947046016,0.4239335286019564,1,2
validation,-1.2493288385983876,0.025678958846912278,1,2
validation,0.39115916494731057,-0.4040693974941041,3,0
validation,-0.7202446044801583,0.42851264653695653,1,6
validation,0.6945278764846678,-0.9028259993541378,3,1
validation,-0.39423161348163427,0.8016463761568194,1,3
validation,0.9391328736114566,-0.7649046668531713,3,0
validation,-1.9167590295464196,0.6807125111181096,1,2
validation,1.305421730725629,-0.6028379093647198,0,0
validation,-1.946183660218926,0.6291244066845013,1,2
validation,-1.4912774463957883,0.23518964900999562,1,2
validation,-0.045822446025755026,-0.08983697992762854,4,6
validation,-0.30833777413537494,-0.33388939209093493,3,7
validation,-0.1405300901059113,2.5087786130361467,5,7
validation,1.2523155845967817,-1.0079131026271901,3,0
validation,-1.9150560052208438,0.7032922394343518,1,2
validation,1.5904883696834848,-0.05550860180837767,3,0
validation,0.16728181609234963,-0.3436559018777427,3,6
validation,-0.4278316366107195,0.33709226986816304,4,5
validation,2.400103560385192,-0.3810215429524086,3,0
validation,1.4232697260924756,-1.0234501108269076,2,1
validation,-0.11054514549372098,-0.21585390330854323,3,6
validation,-0.29678664158051465,-0.40034121497875796,3,7
